강원도 양양군 강현면,강현면,4809016.455417295,6445550.846662059
강원도 양양군 강현면 물갑리,물갑리,4797190.022671907,6444496.976412115
강원도 양양군 강현면 적은리,적은리,4806859.023339671,6443448.701924457
강원도 양양군 강현면 주청리,주청리,4810931.947946194,6442343.534325512
강원도 양양군 강현면 전진리,전진리,4810680.323741695,6443084.133422665
강원도 양양군 강현면 장산리,장산리,4806925.568998609,6444855.957722056
강원도 양양군 강현면 용호리,용호리,4808814.208091085,6443785.951933009
강원도 양양군 강현면 정암리,정암리,4808875.0626798645,6444856.826156916
강원도 양양군 강현면 광석리,광석리,4808741.757199378,6443059.433039829
강원도 양양군 강현면 답리,답리,4809874.434108922,6442670.488528095
강원도 양양군 강현면 방축리,방축리,4808173.348331194,6442911.226567521
강원도 양양군 강현면 사교리,사교리,4805077.787477145,6442992.396434335
강원도 양양군 강현면 금풍리,금풍리,4806963.480305404,6442223.075858026
강원도 양양군 강현면 회룡리,회룡리,4804131.431972086,6444775.020211424
강원도 양양군 강현면 침교리,침교리,4805341.997386882,6443624.255268345
강원도 양양군 강현면 석교리,석교리,4803987.458054742,6444248.746998312
강원도 양양군 강현면 둔전리,둔전리,4796252.0645522075,6445466.401996461
강원도 양양군 강현면 간곡리,간곡리,4802289.1577992365,6444486.247791185
강원도 양양군 강현면 물치리,물치리,4808839.155406887,6446095.678046878
강원도 양양군 강현면 강선리,강선리,4806769.913420689,6446130.096297022
강원도 양양군 강현면 하복리,하복리,4804837.833570865,6446066.396574946
강원도 양양군 강현면 중복리,중복리,4803792.894543249,6445456.480588085
강원도 양양군 강현면 상복리,상복리,4801267.201483235,6446213.070443534
강원도 양양군 현남면,현남면,4824009.898177407,6427714.269008583
강원도 양양군 현남면 죽리,죽리,4821999.475942136,6428338.242993667
강원도 양양군 현남면 두리,두리,4823158.298526782,6428339.272763255
강원도 양양군 현남면 주리,주리,4821195.185039233,6423933.427457073
강원도 양양군 현남면 남애리,남애리,4825708.0919656,6424910.8266726695
강원도 양양군 현남면 입암리,입암리,4823643.121637899,6423701.6150077535
강원도 양양군 현남면 지경리,지경리,4828180.683413308,6422648.603507584
강원도 양양군 현남면 지리,지리,4827285.927300756,6422948.1013076855
강원도 양양군 현남면 원포리,원포리,4826515.702302693,6423861.845756166
강원도 양양군 현남면 임호정리,임호정리,4825594.405929579,6423261.204101873
강원도 양양군 현남면 창리,창리,4823434.536361245,6427845.434948339
강원도 양양군 현남면 하월천리,하월천리,4817006.241303669,6424308.8977325065
강원도 양양군 현남면 상월천리,상월천리,4816705.853832829,6426482.823416531
강원도 양양군 현남면 견불리,견불리,4821556.33730205,6425332.367138838
강원도 양양군 현남면 후포매리,후포매리,4821738.331532449,6425959.981693342
강원도 양양군 현남면 전포매리,전포매리,4824106.718797116,6425693.359666283
강원도 양양군 현남면 광진리,광진리,4824427.596382254,6426649.129861477
강원도 양양군 현남면 정자리,정자리,4819137.268783635,6428187.167732058
강원도 양양군 현남면 시변리,시변리,4824121.776546215,6427919.924537976
강원도 양양군 현남면 동산리,동산리,4824119.359147358,6428613.74876675
강원도 양양군 현남면 북분리,북분리,4821825.417260934,6429343.799963884
강원도 양양군 현남면 인구리,인구리,4821768.0074741,6426988.599784782
강원도 양양군 현북면,현북면,4820606.723161283,6432547.391890989
강원도 양양군 현북면 법수치리,법수치리,4801987.393731868,6424966.006313746
강원도 양양군 현북면 면옥치리,면옥치리,4804263.056441326,6429233.783598569
강원도 양양군 현북면 원일전리,원일전리,4810590.005215272,6430757.909926141
강원도 양양군 현북면 어성전리,어성전리,4810569.224544795,6426214.083040176
강원도 양양군 현북면 하광정리,하광정리,4820091.270635993,6432327.978553771
강원도 양양군 현북면 중광정리,중광정리,4818826.014171082,6433575.807947415
강원도 양양군 현북면 상광정리,상광정리,4817126.94610538,6432394.087783318
강원도 양양군 현북면 대치리,대치리,4815693.867245929,6429662.820893172
강원도 양양군 현북면 말곡리,말곡리,4814304.24178347,6433084.116494105
강원도 양양군 현북면 도리,도리,4806711.559627058,6433196.288356103
강원도 양양군 현북면 장리,장리,4806972.7058723485,6431799.91754002
강원도 양양군 현북면 명지리,명지리,4813375.542847927,6430666.679599966
강원도 양양군 현북면 기사문리,기사문리,4820795.866505967,6431795.973932362
강원도 양양군 현북면 잔교리,잔교리,4819449.230957354,6430274.549839052
강원도 양양군 손양면,손양면,4811003.264872425,6437586.763197094
강원도 양양군 손양면 우암리,우암리,4810123.7581221415,6435784.4900147915
강원도 양양군 손양면 밀양리,밀양리,4812510.328301059,6436291.70934664
강원도 양양군 손양면 상운리,상운리,4816462.257111005,6435117.713472011
강원도 양양군 손양면 여운포리,여운포리,4817708.576632434,6434479.887681649
강원도 양양군 손양면 주리,주리,4811609.635241904,6434440.431366751
강원도 양양군 손양면 송현리,송현리,4810983.375157308,6438901.41984056
강원도 양양군 손양면 도화리,도화리,4814723.636165128,6438386.043641079
강원도 양양군 손양면 하왕도리,하왕도리,4811030.2906424515,6437528.324884859
강원도 양양군 손양면 상왕도리,상왕도리,4808430.643231362,6436603.28497652
강원도 양양군 손양면 간리,간리,4810610.734996596,6438226.794159897
강원도 양양군 손양면 와리,와리,4811309.356357177,6436503.038691666
강원도 양양군 손양면 수산리,수산리,4815548.38977789,6438305.563700137
강원도 양양군 손양면 부소치리,부소치리,4809428.510425111,6433326.068647404
강원도 양양군 손양면 하양혈리,하양혈리,4814091.021829492,6434512.168036807
강원도 양양군 손양면 상양혈리,상양혈리,4813644.545567969,6435569.978826458
강원도 양양군 손양면 수여리,수여리,4812257.5014053015,6438814.6947737625
강원도 양양군 손양면 학포리,학포리,4813266.96726615,6438025.439373516
강원도 양양군 손양면 삽존리,삽존리,4809020.795462544,6434865.782402882
강원도 양양군 손양면 오산리,오산리,4814672.858388405,6439287.098549744
강원도 양양군 손양면 가평리,가평리,4813073.333234023,6440214.759333117
강원도 양양군 손양면 송전리,송전리,4813550.336605131,6439619.3800938055
강원도 양양군 손양면 금강리,금강리,4813164.315711757,6439195.339296638
강원도 양양군 손양면 동호리,동호리,4814874.292560637,6436632.969271668
강원도 양양군 서면,서면,4804021.369182841,6439562.326189783
강원도 양양군 서면 공수전리,공수전리,4797418.761433942,6437675.069434942
강원도 양양군 서면 송어리,송어리,4796044.315047576,6440333.54277224
강원도 양양군 서면 송천리,송천리,4798653.053850276,6438807.989630848
강원도 양양군 서면 북암리,북암리,4794380.944290726,6439340.803193724
강원도 양양군 서면 미천리,미천리,4795303.019756401,6427382.023471438
강원도 양양군 서면 서림리,서림리,4795601.086966859,6432088.239506777
강원도 양양군 서면 영덕리,영덕리,4795284.486946839,6436053.443629364
강원도 양양군 서면 오색리,오색리,4787908.814594912,6443049.58542052
강원도 양양군 서면 가라피리,가라피리,4796185.321250341,6441634.169308919
강원도 양양군 서면 서선리,서선리,4802130.1641775,6441407.637015055
강원도 양양군 서면 장승리,장승리,4798783.386668512,6442194.590018409
강원도 양양군 서면 상평리,상평리,4803411.791612573,6439192.277839659
강원도 양양군 서면 범부리,범부리,4804534.683190049,6438324.138485925
강원도 양양군 서면 북평리,북평리,4806933.516341103,6438775.003327992
강원도 양양군 서면 용천리,용천리,4806070.388901775,6438011.69125945
강원도 양양군 서면 내현리,내현리,4803974.541094788,6433986.643827018
강원도 양양군 서면 용소리,용소리,4799707.465832309,6435430.441023269
강원도 양양군 서면 논화리,논화리,4800776.669715359,6439657.4395535095
강원도 양양군 서면 수리,수리,4803511.024983238,6435847.688270261
강원도 양양군 서면 갈천리,갈천리,4789439.174492131,6428094.41815975
강원도 양양군 양양읍,양양읍,4809310.826197271,6439567.042123229
강원도 양양군 양양읍 화일리,화일리,4801257.175528862,6442662.877235072
강원도 양양군 양양읍 거마리,거마리,4804378.986640237,6441138.0188162
강원도 양양군 양양읍 임천리,임천리,4806172.501841808,6439683.642336999
강원도 양양군 양양읍 내곡리,내곡리,4807085.621927475,6440088.640979156
강원도 양양군 양양읍 서문리,서문리,4807878.151379281,6439093.931470574
강원도 양양군 양양읍 감곡리,감곡리,4806886.62788075,6441360.534353759
강원도 양양군 양양읍 정손리,정손리,4808977.767297981,6441214.790428589
강원도 양양군 양양읍 기리,기리,4808821.261967723,6442044.737107969
강원도 양양군 양양읍 포월리,포월리,4810168.028370013,6441263.164694776
강원도 양양군 양양읍 사천리,사천리,4809668.235872852,6441991.596138658
강원도 양양군 양양읍 조산리,조산리,4811866.215307245,6441218.45378542
강원도 양양군 양양읍 월리,월리,4808523.340399656,6438005.671777649
강원도 양양군 양양읍 송암리,송암리,4810770.097685945,6439963.735201699
강원도 양양군 양양읍 청곡리,청곡리,4808943.894759277,6440285.650853973
강원도 양양군 양양읍 연창리,연창리,4809991.322637609,6439469.684868555
강원도 양양군 양양읍 군행리,군행리,4808389.286146397,6439274.015811421
강원도 양양군 양양읍 성내리,성내리,4808230.094414122,6439485.677727052
강원도 양양군 양양읍 구교리,구교리,4808827.527638042,6439513.593313008
강원도 양양군 양양읍 남문리,남문리,4808754.877892992,6438917.317623462
강원도 고성군 수동면,수동면,4777787.584982073,6474876.395797417
강원도 고성군 토성면,토성면,4805431.309059006,6455230.3603680385
강원도 고성군 토성면 금화정리,금화정리,4803695.263678284,6457713.44744861
강원도 고성군 토성면 성대리,성대리,4800213.561482946,6455826.334039541
강원도 고성군 토성면 봉포리,봉포리,4805112.4543117,6454465.027929589
강원도 고성군 토성면 용촌리,용촌리,4806385.854584644,6452839.773589419
강원도 고성군 토성면 원암리,원암리,4794476.907263382,6452030.66309071
강원도 고성군 토성면 성천리,성천리,4802997.3263032725,6452637.590733824
강원도 고성군 토성면 인흥리,인흥리,4798879.348501103,6453383.7451134715
강원도 고성군 토성면 신평리,신평리,4795995.771213645,6454116.241227665
강원도 고성군 토성면 용암리,용암리,4802493.891978536,6456157.795728993
강원도 고성군 토성면 도원리,도원리,4794225.547623729,6457920.187441363
강원도 고성군 토성면 학야리,학야리,4797111.786013992,6458766.773486603
강원도 고성군 토성면 운봉리,운봉리,4801108.080533743,6459027.620338159
강원도 고성군 토성면 백촌리,백촌리,4803952.369506817,6458412.831462333
강원도 고성군 토성면 교암리,교암리,4803126.947288693,6457772.321617407
강원도 고성군 토성면 아야진리,아야진리,4804627.845901919,6456656.835566182
강원도 고성군 토성면 청간리,청간리,4805317.502788304,6456160.95105071
강원도 고성군 토성면 천진리,천진리,4805411.750070915,6455218.662193474
강원도 고성군 죽왕면,죽왕면,4802963.547798486,6461677.72854852
강원도 고성군 죽왕면 송암리,송암리,4803753.38658236,6459782.362433737
강원도 고성군 죽왕면 문암진리,문암진리,4804609.97205227,6459248.949046671
강원도 고성군 죽왕면 야촌리,야촌리,4799029.248874466,6460071.966269157
강원도 고성군 죽왕면 삼포리,삼포리,4801820.894888945,6460807.329610893
강원도 고성군 죽왕면 구성리,구성리,4794849.141340332,6461578.916001359
강원도 고성군 죽왕면 인정리,인정리,4799670.066922482,6461787.887529663
강원도 고성군 죽왕면 오봉리,오봉리,4800080.144784638,6463074.0539620975
강원도 고성군 죽왕면 공현진리,공현진리,4800048.494811828,6464453.909934969
강원도 고성군 죽왕면 가진리,가진리,4801812.699123035,6465471.287849487
강원도 고성군 죽왕면 향목리,향목리,4799015.769730831,6465946.146680192
강원도 고성군 죽왕면 오호리,오호리,4802651.265279241,6461953.783387609
강원도 고성군 현내면,현내면,4794367.205835949,6476840.879616177
강원도 고성군 현내면 제진리,제진리,4791950.857965919,6482657.909226362
강원도 고성군 현내면 명호리,명호리,4787876.439485279,6484996.493026837
강원도 고성군 현내면 송현리,송현리,4788322.268190393,6483647.203423913
강원도 고성군 현내면 사천리,사천리,4790127.330967593,6483204.264489757
강원도 고성군 현내면 배봉리,배봉리,4791467.036110473,6479746.574099275
강원도 고성군 현내면 명파리,명파리,4792002.96902481,6480903.14211479
강원도 고성군 현내면 마차진리,마차진리,4793158.997180043,6479086.592982739
강원도 고성군 현내면 마달리,마달리,4790143.172215163,6478536.007367499
강원도 고성군 현내면 화곡리,화곡리,4786385.048378707,6476750.145756014
강원도 고성군 현내면 산학리,산학리,4791820.470695284,6475387.717679813
강원도 고성군 현내면 죽정리,죽정리,4792716.682422403,6474507.591267712
강원도 고성군 현내면 초도리,초도리,4793777.714332786,6475815.275064796
강원도 고성군 현내면 철통리,철통리,4793939.32834165,6476575.146829002
강원도 고성군 현내면 대진리,대진리,4793305.984476175,6477510.95581359
강원도 고성군 거진읍,거진읍,4796208.3588953335,6471689.173092065
강원도 고성군 거진읍 자산리,자산리,4795051.611649638,6472153.6258863425
강원도 고성군 거진읍 오정리,오정리,4794635.4743093755,6469012.447031911
강원도 고성군 거진읍 냉천리,냉천리,4785247.683616499,6471071.291024688
강원도 고성군 거진읍 봉평리,봉평리,4794737.340857779,6472635.282874279
강원도 고성군 거진읍 송포리,송포리,4794419.17020074,6471733.769460757
강원도 고성군 거진읍 반암리,반암리,4797131.699652707,6470324.204152191
강원도 고성군 거진읍 송죽리,송죽리,4797236.084869061,6468463.832325885
강원도 고성군 거진읍 대대리,대대리,4795659.103498839,6468180.687035514
강원도 고성군 거진읍 초계리,초계리,4792634.796277315,6468887.852767227
강원도 고성군 거진읍 석문리,석문리,4792079.715448042,6470113.608857776
강원도 고성군 거진읍 송강리,송강리,4789918.492019731,6472579.824853099
강원도 고성군 거진읍 산북리,산북리,4789234.162120691,6474099.306991997
강원도 고성군 거진읍 용하리,용하리,4789531.58351263,6473641.978509125
강원도 고성군 거진읍 송정리,송정리,4792502.358011176,6472619.107874879
강원도 고성군 거진읍 원당리,원당리,4792235.272775378,6473787.600190256
강원도 고성군 거진읍 화포리,화포리,4795448.37242841,6473960.833871239
강원도 고성군 거진읍 거진리,거진리,4796612.9664572375,6472684.830817612
강원도 고성군 간성읍,간성읍,4796592.7371964175,6466736.235076198
강원도 고성군 간성읍 흘리,흘리,4781780.9569246415,6459178.690591702
강원도 고성군 간성읍 금수리,금수리,4796191.549260459,6466358.7498671
강원도 고성군 간성읍 탑동리,탑동리,4795996.9996524565,6464328.395127181
강원도 고성군 간성읍 진부리,진부리,4780883.206652615,6461573.908802053
강원도 고성군 간성읍 장신리,장신리,4781672.166680015,6464927.874591728
강원도 고성군 간성읍 어천리,어천리,4790167.733425753,6466097.559277788
강원도 고성군 간성읍 광산리,광산리,4789563.701328922,6467135.480731945
강원도 고성군 간성읍 해상리,해상리,4790809.977032576,6468360.851705321
강원도 고성군 간성읍 교동리,교동리,4793293.208091456,6467266.182644224
강원도 고성군 간성읍 간촌리,간촌리,4793921.355971957,6466389.476182744
강원도 고성군 간성읍 상리,상리,4796123.028516539,6466819.625327172
강원도 고성군 간성읍 봉호리,봉호리,4797747.734313294,6468051.275139113
강원도 고성군 간성읍 동호리,동호리,4798911.6305961395,6467711.029539732
강원도 고성군 간성읍 신안리,신안리,4797153.938215153,6466648.601736441
강원도 고성군 간성읍 하리,하리,4796753.283820674,6466771.302888513
강원도 인제군 상남면,상남면,4756558.975299061,6429802.414681302
강원도 인제군 상남면 미산리,미산리,4767938.693134427,6427115.356984838
강원도 인제군 상남면 하남리,하남리,4761483.673413179,6432523.100511918
강원도 인제군 상남면 상남리,상남리,4752523.063644142,6430823.278578928
강원도 인제군 서화면,서화면,4759011.075181434,6458237.395876567
강원도 인제군 서화면 심적리,심적리,4755556.086797007,6461568.58238409
강원도 인제군 서화면 서화리,서화리,4766816.661774373,6461886.3383797
강원도 인제군 서화면 서흥리,서흥리,4753564.118047302,6457868.7314450145
강원도 인제군 서화면 천도리,천도리,4761974.068581769,6458643.392261783
강원도 인제군 기린면,기린면,4766383.567157035,6435219.880052854
강원도 인제군 기린면 진동리,진동리,4782791.9288117355,6436326.16510353
강원도 인제군 기린면 방동리,방동리,4776676.579069688,6431168.2894709
강원도 인제군 기린면 서리,서리,4762302.764096557,6437426.014612271
강원도 인제군 기린면 북리,북리,4769093.762690366,6439233.716896791
강원도 인제군 기린면 현리,현리,4765409.2520075245,6434267.153854669
강원도 인제군 북면,북면,4756031.458171222,6450821.010447871
강원도 인제군 북면 용대리,용대리,4777095.470639189,6454332.949321509
강원도 인제군 북면 한계리,한계리,4766808.422735113,6450644.577210389
강원도 인제군 북면 월학리,월학리,4755162.465257825,6454080.634851765
강원도 인제군 북면 원통리,원통리,4758771.283139262,6451592.896684779
강원도 인제군 남면,남면,4736374.976289592,6440300.982262841
강원도 인제군 남면 소치리,소치리,4743474.709471113,6436796.931436154
강원도 인제군 남면 수산리,수산리,4727748.5238503795,6441565.61631852
강원도 인제군 남면 하수내리,하수내리,4732574.718657378,6443442.125856276
강원도 인제군 남면 상수내리,상수내리,4733490.163933236,6441614.622618924
강원도 인제군 남면 신월리,신월리,4736743.92899419,6444895.406726775
강원도 인제군 남면 관대리,관대리,4740597.013226689,6444076.014681372
강원도 인제군 남면 남전리,남전리,4746728.2455007825,6442336.076537505
강원도 인제군 남면 정자리,정자리,4748138.88541892,6437671.366532602
강원도 인제군 남면 갑둔리,갑둔리,4742374.937526445,6434752.636415708
강원도 인제군 남면 부평리,부평리,4740779.215496217,6441922.414454073
강원도 인제군 남면 어론리,어론리,4734613.40771219,6436985.931444386
강원도 인제군 남면 신풍리,신풍리,4736845.574406947,6439692.716890851
강원도 인제군 남면 신남리,신남리,4736574.36437743,6440511.555457348
강원도 인제군 인제읍,인제읍,4750507.676077218,6447044.484683105
강원도 인제군 인제읍 고사리,고사리,4755968.559807792,6443482.011524398
강원도 인제군 인제읍 하추리,하추리,4763156.994958318,6441666.710766522
강원도 인제군 인제읍 가리산리,가리산리,4769938.706917617,6444092.162138021
강원도 인제군 인제읍 가아리,가아리,4745885.695092699,6454529.508853373
강원도 인제군 인제읍 귀둔리,귀둔리,4777526.838053082,6441528.402527151
강원도 인제군 인제읍 원대리,원대리,4755353.829651316,6440474.29530916
강원도 인제군 인제읍 덕적리,덕적리,4761816.862232764,6445911.38888078
강원도 인제군 인제읍 덕산리,덕산리,4754613.060894082,6447971.394913169
강원도 인제군 인제읍 합강리,합강리,4751184.7582081035,6448368.477758265
강원도 인제군 인제읍 남북리,남북리,4746788.451395044,6448170.37447836
강원도 인제군 인제읍 상동리,상동리,4751046.391930439,6446670.825309981
강원도 양구군 해안면,해안면,4751518.262226286,6464756.76831208
강원도 양구군 해안면 후리,후리,4751671.216828746,6466112.01592373
강원도 양구군 해안면 이현리,이현리,4748669.57429067,6467407.451112015
강원도 양구군 해안면 월산리,월산리,4754871.339238937,6465928.854606033
강원도 양구군 해안면 만대리,만대리,4749937.1637379145,6463550.356966007
강원도 양구군 해안면 오유리,오유리,4746899.610858839,6463965.486183049
강원도 양구군 해안면 현리,현리,4749542.510585951,6465671.0027552005
강원도 양구군 방산면,방산면,4725529.338901298,6461728.98270512
강원도 양구군 방산면 천미리,천미리,4718643.217541809,6466345.662520067
강원도 양구군 방산면 고방산리,고방산리,4730667.797423457,6462410.770684771
강원도 양구군 방산면 송현리,송현리,4726711.888741064,6463049.589520386
강원도 양구군 방산면 칠전리,칠전리,4725563.3104667105,6461437.867152937
강원도 양구군 방산면 장평리,장평리,4727177.631606801,6462032.088757719
강원도 양구군 방산면 금악리,금악리,4722868.152496311,6461186.735601696
강원도 양구군 방산면 오미리,오미리,4721565.220103411,6460623.833930094
강원도 양구군 방산면 현리,현리,4723333.125596867,6462837.2476501465
강원도 양구군 동면,동면,4737395.616298304,6459692.753443316
강원도 양구군 동면 월운리,월운리,4737851.066828809,6460933.642899996
강원도 양구군 동면 팔랑리,팔랑리,4742992.074053464,6460536.124625507
강원도 양구군 동면 임당리,임당리,4737601.526167517,6459751.533347102
강원도 양구군 동면 덕곡리,덕곡리,4736171.20526923,6458913.804908943
강원도 양구군 동면 원당리,원당리,4740241.798536908,6458305.60487137
강원도 양구군 동면 지석리,지석리,4735420.537569219,6457402.890440922
강원도 양구군 동면 후곡리,후곡리,4737016.735640166,6456945.981707297
강원도 양구군 남면,남면,4733847.806691544,6452409.880254803
강원도 양구군 남면 두무리,두무리,4737725.993587933,6447717.010537833
강원도 양구군 남면 원리,원리,4734020.033968929,6446940.990815368
강원도 양구군 남면 심포리,심포리,4726237.001327521,6449348.7667234605
강원도 양구군 남면 죽리,죽리,4727451.541707154,6450089.324832474
강원도 양구군 남면 구암리,구암리,4729499.783508694,6450432.624395618
강원도 양구군 남면 도촌리,도촌리,4731588.545377273,6449929.152707396
강원도 양구군 남면 창리,창리,4732935.179233175,6450239.746546734
강원도 양구군 남면 황강리,황강리,4731086.823238636,6451339.28567954
강원도 양구군 남면 송우리,송우리,4732492.296331203,6451725.446251992
강원도 양구군 남면 청리,청리,4737154.693756829,6451147.210273694
강원도 양구군 남면 용하리,용하리,4733909.585919702,6452545.975301955
강원도 양구군 남면 야촌리,야촌리,4736277.150085817,6453079.871773791
강원도 양구군 남면 가오작리,가오작리,4738082.352647812,6454372.064686585
강원도 양구군 남면 적리,적리,4739243.755184809,6455635.05988855
강원도 양구군 양구읍,양구읍,4728221.159292373,6453101.888655878
강원도 양구군 양구읍 상무룡리,상무룡리,4717953.040108943,6457521.094242758
강원도 양구군 양구읍 월명리,월명리,4720443.120691729,6453961.36307191
강원도 양구군 양구읍 군량리,군량리,4726366.763528591,6457687.922728121
강원도 양구군 양구읍 공수리,공수리,4723921.573073965,6455462.2129148515
강원도 양구군 양구읍 도사리,도사리,4731587.911733786,6457709.654278635
강원도 양구군 양구읍 한전리,한전리,4732673.36364698,6456151.703118576
강원도 양구군 양구읍 죽곡리,죽곡리,4731087.024590802,6454943.336338679
강원도 양구군 양구읍 고대리,고대리,4727954.492029543,6456099.670332538
강원도 양구군 양구읍 동수리,동수리,4726511.91386372,6454310.577618738
강원도 양구군 양구읍 정림리,정림리,4727064.05843749,6452279.154987436
강원도 양구군 양구읍 안대리,안대리,4725827.787859676,6451821.987410183
강원도 양구군 양구읍 이리,이리,4726552.670166696,6451175.275378957
강원도 양구군 양구읍 학조리,학조리,4726164.231481051,6450237.565544556
강원도 양구군 양구읍 공리,공리,4725091.352275566,6449521.945050305
강원도 양구군 양구읍 석현리,석현리,4724635.357888122,6448468.376228005
강원도 양구군 양구읍 웅진리,웅진리,4720892.393747216,6450119.507536011
강원도 양구군 양구읍 수인리,수인리,4717817.101210919,6448540.291861025
강원도 양구군 양구읍 송청리,송청리,4729162.2371053295,6451799.622969633
강원도 양구군 양구읍 하리,하리,4727017.229475119,6453663.567402362
강원도 양구군 양구읍 중리,중리,4728062.899394154,6453169.957346686
강원도 양구군 양구읍 상리,상리,4728479.94177696,6452860.424456504
강원도 화천군 사내면,사내면,4668077.862966892,6457409.418848165
강원도 화천군 사내면 삼일리,삼일리,4667362.480390582,6455741.34902337
강원도 화천군 사내면 용담리,용담리,4671512.468232567,6456280.014087587
강원도 화천군 사내면 명월리,명월리,4670134.196815283,6461198.225640169
강원도 화천군 사내면 광덕리,광덕리,4662123.46668939,6458661.157681337
강원도 화천군 사내면 사창리,사창리,4667753.556742454,6457825.722514081
강원도 화천군 상서면,상서면,4686743.967659446,6462246.529807789
강원도 화천군 상서면 마현리,마현리,4683988.4777568085,6468394.375282874
강원도 화천군 상서면 다목리,다목리,4673895.959081748,6465472.137672441
강원도 화천군 상서면 봉오리,봉오리,4683157.229333896,6463766.709753238
강원도 화천군 상서면 산양리,산양리,4690798.704162034,6466298.680367745
강원도 화천군 상서면 부촌리,부촌리,4690392.260742042,6464103.580331928
강원도 화천군 상서면 노동리,노동리,4688659.97234571,6463077.155833252
강원도 화천군 상서면 파포리,파포리,4686268.763042446,6462424.694818618
강원도 화천군 상서면 장촌리,장촌리,4686182.834698375,6461051.8986938195
강원도 화천군 상서면 구운리,구운리,4678033.678216878,6461865.880680996
강원도 화천군 상서면 신대리,신대리,4689008.592400723,6460055.906611852
강원도 화천군 상서면 신풍리,신풍리,4688995.283666637,6458978.781914354
강원도 화천군 하남면,하남면,4685982.373291638,6454383.46381912
강원도 화천군 하남면 서오지리,서오지리,4681469.822218186,6454954.12591006
강원도 화천군 하남면 거례리,거례리,4689984.284097542,6453752.664889933
강원도 화천군 하남면 삼화리,삼화리,4694078.722550645,6453273.16780125
강원도 화천군 하남면 용암리,용암리,4692000.772955878,6455489.599222349
강원도 화천군 하남면 위라리,위라리,4693478.257997415,6455584.4138901215
강원도 화천군 하남면 안평리,안평리,4680301.360862538,6459661.58100115
강원도 화천군 하남면 계성리,계성리,4679157.5866532475,6457658.231942272
강원도 화천군 하남면 논미리,논미리,4687823.733242314,6458081.986715764
강원도 화천군 하남면 원천리,원천리,4685941.8388600685,6454453.408024456
강원도 화천군 간동면,간동면,4701332.071043115,6452203.834635785
강원도 화천군 간동면 구만리,구만리,4699823.874756067,6455179.696183987
강원도 화천군 간동면 도송리,도송리,4701958.079557419,6453586.585149472
강원도 화천군 간동면 방천리,방천리,4707284.096730981,6454056.680112395
강원도 화천군 간동면 오음리,오음리,4705025.594087405,6451740.652974742
강원도 화천군 간동면 간척리,간척리,4702260.223493078,6450196.432574974
강원도 화천군 간동면 용호리,용호리,4700384.291027866,6452965.229235843
강원도 화천군 간동면 유촌리,유촌리,4699826.858819748,6451514.421036166
강원도 화천군 화천읍,화천읍,4692104.35320534,6457298.406084613
강원도 화천군 화천읍 대이리,대이리,4697835.466719992,6456557.175189446
강원도 화천군 화천읍 동촌리,동촌리,4708798.5571591575,6461128.143031633
강원도 화천군 화천읍 풍산리,풍산리,4704066.595349933,6461424.46329895
강원도 화천군 화천읍 신읍리,신읍리,4694275.448526788,6462376.975449996
강원도 화천군 화천읍 상리,상리,4689689.7119854195,6458122.669128424
강원도 화천군 화천읍 중리,중리,4694313.080636126,6457811.501328591
강원도 화천군 화천읍 하리,하리,4690449.623963759,6457145.0341045065
강원도 화천군 화천읍 아리,아리,4694363.1786810905,6457092.187627579
강원도 철원군 임남면,임남면,4714775.632585365,6471107.974442898
강원도 철원군 원남면,원남면,4688915.811171898,6472957.129781458
강원도 철원군 원동면,원동면,4702956.424846394,6472867.984054573
강원도 철원군 근동면,근동면,4677469.778096952,6475062.149216126
강원도 철원군 근북면,근북면,4660270.829026946,6478243.459311678
강원도 철원군 근북면 유곡리,유곡리,4658119.025583911,6476855.723542785
강원도 철원군 근남면,근남면,4665599.911130915,6470968.791400384
강원도 철원군 근남면 마현리,마현리,4676785.415989032,6471463.027476814
강원도 철원군 근남면 풍암리,풍암리,4669753.88745268,6471978.841268874
강원도 철원군 근남면 양지리,양지리,4671452.695404976,6473202.804416365
강원도 철원군 근남면 사곡리,사곡리,4665971.478571053,6472495.863769136
강원도 철원군 근남면 잠곡리,잠곡리,4663602.86299402,6465343.3345642015
강원도 철원군 근남면 육단리,육단리,4668568.755081818,6469483.985464202
강원도 철원군 서면,서면,4656892.611019143,6466180.690718805
강원도 철원군 서면 와수리,와수리,4661629.290242128,6471622.055578602
강원도 철원군 서면 자등리,자등리,4655588.904665545,6465873.49056769
강원도 철원군 동송읍,동송읍,4631966.80120124,6472164.627293306
강원도 철원군 동송읍 중강리,중강리,4640250.87518191,6480173.242472227
강원도 철원군 동송읍 하갈리,하갈리,4639897.91869304,6476474.380975908
강원도 철원군 동송읍 이길리,이길리,4645436.185270479,6477899.585832566
강원도 철원군 동송읍 양지리,양지리,4641799.773253495,6475498.032983155
강원도 철원군 동송읍 관우리,관우리,4635879.442714314,6476114.739239172
강원도 철원군 동송읍 대위리,대위리,4638048.586862839,6474690.437856612
강원도 철원군 동송읍 상노리,상노리,4632255.917125389,6468252.590973957
강원도 철원군 동송읍 오지리,오지리,4634455.103566256,6469583.645340206
강원도 철원군 동송읍 장흥리,장흥리,4638297.57054538,6471036.6355907535
강원도 철원군 동송읍 오덕리,오덕리,4635116.006645507,6472658.760900984
강원도 철원군 동송읍 이평리,이평리,4633279.076526412,6470941.402859025
강원도 철원군 갈말읍,갈말읍,4643033.82491348,6466347.8778909305
강원도 철원군 갈말읍 정연리,정연리,4650084.393147395,6476780.606679529
강원도 철원군 갈말읍 동막리,동막리,4645221.661887333,6474511.233647515
강원도 철원군 갈말읍 상사리,상사리,4640598.424258186,6472347.871032371
강원도 철원군 갈말읍 토성리,토성리,4649809.3265607115,6474449.133835938
강원도 철원군 갈말읍 지경리,지경리,4648704.631703109,6471520.273330275
강원도 철원군 갈말읍 내대리,내대리,4643660.01597715,6470724.51605007
강원도 철원군 갈말읍 문혜리,문혜리,4649866.536803327,6468530.293125373
강원도 철원군 갈말읍 군탄리,군탄리,4642483.952501244,6467015.712731758
강원도 철원군 갈말읍 강포리,강포리,4640753.301527766,6464838.1023424715
강원도 철원군 갈말읍 지포리,지포리,4641350.488349033,6465814.343006271
강원도 철원군 갈말읍 신철원리,신철원리,4646980.426448101,6464164.071953182
강원도 철원군 김화읍,김화읍,4659653.384905855,6472611.1037648255
강원도 철원군 김화읍 도창리,도창리,4655421.474410885,6475816.896758305
강원도 철원군 김화읍 청양리,청양리,4654818.170114087,6471996.377311062
강원도 철원군 김화읍 운장리,운장리,4664870.355940039,6474159.946872284
강원도 철원군 김화읍 생창리,생창리,4663791.756413332,6474668.4987846855
강원도 철원군 김화읍 읍내리,읍내리,4663055.390562894,6475553.936246976
강원도 철원군 김화읍 학사리,학사리,4658312.831769618,6473623.702966913
강원도 철원군 철원읍,철원읍,4632655.6415103115,6472479.299543994
강원도 철원군 철원읍 홍원리,홍원리,4637061.548528512,6480316.373372612
강원도 철원군 철원읍 산명리,산명리,4629191.55458977,6479614.66794633
강원도 철원군 철원읍 대마리,대마리,4625076.799719103,6476950.686765601
강원도 철원군 철원읍 중리,중리,4632868.271351068,6475280.390419051
강원도 철원군 철원읍 내포리,내포리,4633818.666352243,6478540.462353545
강원도 철원군 철원읍 율이리,율이리,4628431.751033573,6473576.447617783
강원도 철원군 철원읍 사요리,사요리,4631049.773085747,6476507.857108983
강원도 철원군 철원읍 월하리,월하리,4633151.58130646,6474973.294677739
강원도 철원군 철원읍 관전리,관전리,4632089.450646624,6475520.111409158
강원도 철원군 철원읍 화지리,화지리,4632034.8211449245,6473553.780515321
강원도 정선군 여량면,여량면,4804641.749002842,6387665.500687369
강원도 정선군 여량면 봉정리,봉정리,4810610.764437244,6385167.8553702105
강원도 정선군 여량면 고양리,고양리,4806120.133631181,6383544.443353344
강원도 정선군 여량면 남곡리,남곡리,4812249.5060728155,6388949.688776464
강원도 정선군 여량면 구절리,구절리,4811321.407798558,6392021.4817059105
강원도 정선군 여량면 유천리,유천리,4803807.386645491,6390529.929692138
강원도 정선군 여량면 여량리,여량리,4805452.286286479,6387098.526507646
강원도 정선군 화암면,화암면,4809468.404932517,6375427.966402821
강원도 정선군 화암면 백전리,백전리,4817414.142033262,6366698.871551313
강원도 정선군 화암면 호촌리,호촌리,4813996.29099869,6370292.9793710625
강원도 정선군 화암면 건천리,건천리,4817260.436918743,6372495.368982353
강원도 정선군 화암면 몰운리,몰운리,4810666.0004413035,6372478.429728107
강원도 정선군 화암면 북동리,북동리,4811404.1947871335,6379307.651459027
강원도 정선군 화암면 석곡리,석곡리,4803667.832852589,6376155.37553393
강원도 정선군 화암면 화암리,화암리,4811670.418268475,6374658.555961847
강원도 정선군 임계면,임계면,4822512.956804015,6386604.515719378
강원도 정선군 임계면 문래리,문래리,4821966.020801338,6379517.732108473
강원도 정선군 임계면 반천리,반천리,4814872.846268903,6385509.469981205
강원도 정선군 임계면 고양리,고양리,4814234.557277151,6381900.105931105
강원도 정선군 임계면 덕암리,덕암리,4817291.434148231,6377010.024296451
강원도 정선군 임계면 용산리,용산리,4823897.595900264,6381933.9097843245
강원도 정선군 임계면 낙천리,낙천리,4819872.994701761,6384002.666235002
강원도 정선군 임계면 봉산리,봉산리,4821804.208991468,6385660.086064144
강원도 정선군 임계면 송계리,송계리,4824459.21903447,6386311.274751574
강원도 정선군 임계면 임계리,임계리,4827846.219121829,6390018.257604133
강원도 정선군 임계면 직원리,직원리,4832433.698570195,6387528.951460705
강원도 정선군 임계면 도전리,도전리,4831217.403964525,6383052.084126911
강원도 정선군 임계면 가목리,가목리,4836123.94554536,6385126.33335614
강원도 정선군 북평면,북평면,4797486.933342594,6387027.772799213
강원도 정선군 북평면 숙암리,숙암리,4790540.21962248,6393495.324445634
강원도 정선군 북평면 나전리,나전리,4790748.084018518,6387822.417555373
강원도 정선군 북평면 문곡리,문곡리,4800456.715708632,6384183.933720467
강원도 정선군 북평면 남평리,남평리,4796870.737871812,6385786.418825653
강원도 정선군 북평면 북평리,북평리,4797955.9419025965,6390124.181375664
강원도 정선군 북평면 장열리,장열리,4800337.202498921,6387674.502932092
강원도 정선군 남면,남면,4801148.465531108,6370724.867840133
강원도 정선군 남면 광덕리,광덕리,4793913.548033243,6375332.444800125
강원도 정선군 남면 낙동리,낙동리,4798681.278594576,6375719.889317713
강원도 정선군 남면 유평리,유평리,4802699.785379435,6372522.697584905
강원도 정선군 남면 무릉리,무릉리,4805839.91239902,6368160.195969287
강원도 정선군 남면 문곡리,문곡리,4799928.896551401,6368907.330546016
강원도 정선군 신동읍,신동읍,4786651.591619086,6368473.060129057
강원도 정선군 신동읍 운치리,운치리,4786451.725168298,6373744.995906148
강원도 정선군 신동읍 덕천리,덕천리,4779754.280426924,6373303.504747923
강원도 정선군 신동읍 고성리,고성리,4782992.012832253,6371603.644264908
강원도 정선군 신동읍 가사리,가사리,4791357.834210026,6371069.35270776
강원도 정선군 신동읍 방제리,방제리,4795686.591350642,6367683.190395052
강원도 정선군 신동읍 조동리,조동리,4790873.592805417,6367487.124407601
강원도 정선군 신동읍 천포리,천포리,4786097.076302962,6367440.0774596585
강원도 정선군 신동읍 예미리,예미리,4786666.586141525,6369266.902367829
강원도 정선군 사북읍,사북읍,4810436.426513433,6365400.948541355
강원도 정선군 사북읍 사북리,사북리,4807569.969614223,6365262.287325207
강원도 정선군 사북읍 직전리,직전리,4812508.954617871,6367745.198957802
강원도 정선군 고한읍,고한읍,4813592.9461293025,6362743.738453788
강원도 정선군 고한읍 고한리,고한리,4814910.755542003,6361074.281987187
강원도 정선군 정선읍,정선읍,4794277.589916497,6381608.9653584715
강원도 정선군 정선읍 가수리,가수리,4786274.570220248,6376882.610494921
강원도 정선군 정선읍 귤암리,귤암리,4785133.098786029,6379508.4065116765
강원도 정선군 정선읍 광하리,광하리,4785021.452173495,6381803.679784465
강원도 정선군 정선읍 용탄리,용탄리,4781997.279133505,6385568.161353597
강원도 정선군 정선읍 회동리,회동리,4782509.972106113,6388160.722891591
강원도 정선군 정선읍 여탄리,여탄리,4801885.837574733,6381072.163995971
강원도 정선군 정선읍 덕우리,덕우리,4802659.264106285,6378854.5881368
강원도 정선군 정선읍 신월리,신월리,4797068.417310602,6379347.763113846
강원도 정선군 정선읍 애산리,애산리,4797690.61002735,6381290.789427846
강원도 정선군 정선읍 덕송리,덕송리,4795333.198542811,6383667.111864232
강원도 정선군 정선읍 북실리,북실리,4792220.986034282,6380548.09596022
강원도 정선군 정선읍 봉양리,봉양리,4791208.222551861,6383295.368885606
강원도 평창군 대관령면,대관령면,4808697.607925998,6404575.1382875
강원도 평창군 대관령면 용산리,용산리,4802990.562879672,6402782.843005763
강원도 평창군 대관령면 수하리,수하리,4808199.222552647,6401051.780796111
강원도 평창군 대관령면 횡계리,횡계리,4812074.769446789,6407234.359418496
강원도 평창군 대관령면 차항리,차항리,4805468.477691052,6408607.395999445
강원도 평창군 대관령면 병내리,병내리,4800482.694604138,6411269.164429597
강원도 평창군 대관령면 유천리,유천리,4797073.150086427,6406057.514127669
강원도 평창군 진부면,진부면,4787781.371681181,6404912.0172842285
강원도 평창군 진부면 호명리,호명리,4794067.498642359,6404315.330618973
강원도 평창군 진부면 장전리,장전리,4779743.502997075,6393024.817461559
강원도 평창군 진부면 막동리,막동리,4782877.926950458,6395281.867043444
강원도 평창군 진부면 화의리,화의리,4782823.659438266,6397755.187462935
강원도 평창군 진부면 수항리,수항리,4788042.529829611,6397736.151729512
강원도 평창군 진부면 마평리,마평리,4784238.75096199,6400248.8166659055
강원도 평창군 진부면 봉산리,봉산리,4798031.454544662,6398329.712876149
강원도 평창군 진부면 신기리,신기리,4790252.494175921,6400958.408151528
강원도 평창군 진부면 거문리,거문리,4780595.576610466,6403158.776529762
강원도 평창군 진부면 상월오개리,상월오개리,4782232.838518713,6404570.820931407
강원도 평창군 진부면 간평리,간평리,4794494.89649571,6408013.235014372
강원도 평창군 진부면 동산리,동산리,4792222.100228611,6414587.959511895
강원도 평창군 진부면 탑동리,탑동리,4788862.378269935,6411544.787433819
강원도 평창군 진부면 척천리,척천리,4784865.520905004,6411576.801738266
강원도 평창군 진부면 두일리,두일리,4788098.889011379,6409013.552120861
강원도 평창군 진부면 송정리,송정리,4790546.302414614,6403366.335780369
강원도 평창군 진부면 상진부리,상진부리,4789467.581489405,6406752.267117047
강원도 평창군 진부면 하진부리,하진부리,4786453.42890593,6404698.930880288
강원도 평창군 용평면,용평면,4772302.634328666,6404803.884102256
강원도 평창군 용평면 재산리,재산리,4765965.578730561,6401055.732711204
강원도 평창군 용평면 장평리,장평리,4769079.8696406605,6404126.206230755
강원도 평창군 용평면 백옥포리,백옥포리,4765240.581219366,6403590.809235871
강원도 평창군 용평면 도사리,도사리,4773383.451703388,6407650.157911796
강원도 평창군 용평면 노동리,노동리,4778261.369016171,6411629.715524321
강원도 평창군 용평면 속사리,속사리,4779593.107538097,6407539.098686725
강원도 평창군 용평면 이목정리,이목정리,4776779.326126878,6404684.992090725
강원도 평창군 용평면 용전리,용전리,4771198.616812617,6404336.601720042
강원도 평창군 봉평면,봉평면,4764753.706878753,6406818.89331658
강원도 평창군 봉평면 덕거리,덕거리,4768535.517381257,6409729.110918768
강원도 평창군 봉평면 원길리,원길리,4763880.989095042,6408711.784567593
강원도 평창군 봉평면 흥정리,흥정리,4757593.127053797,6411032.758722194
강원도 평창군 봉평면 무이리,무이리,4756568.053134078,6406808.098222498
강원도 평창군 봉평면 면온리,면온리,4760737.749818624,6403425.219942543
강원도 평창군 봉평면 진조리,진조리,4757429.304074103,6403385.269941596
강원도 평창군 봉평면 유포리,유포리,4758146.677922746,6400729.776790074
강원도 평창군 봉평면 평촌리,평촌리,4765197.281485236,6405776.741828452
강원도 평창군 봉평면 창동리,창동리,4763775.246064156,6406460.3579235785
강원도 평창군 대화면,대화면,4771549.642688218,6395922.538508609
강원도 평창군 대화면 하안미리,하안미리,4771880.774636602,6391768.976196237
강원도 평창군 대화면 상안미리,상안미리,4763544.381352322,6394744.090754303
강원도 평창군 대화면 개수리,개수리,4760663.957215228,6396849.118718795
강원도 평창군 대화면 신리,신리,4776036.683221041,6400004.290581641
강원도 평창군 대화면 대화리,대화리,4772132.888450947,6395958.433764014
강원도 평창군 방림면,방림면,4761172.799938338,6391313.150241306
강원도 평창군 방림면 계촌리,계촌리,4750837.817595573,6397091.599926184
강원도 평창군 방림면 운교리,운교리,4748765.196085529,6393196.337939397
강원도 평창군 방림면 방림리,방림리,4761490.360684191,6392055.023831134
강원도 평창군 미탄면,미탄면,4771721.635875063,6382327.084738956
강원도 평창군 미탄면 수청리,수청리,4779568.476044309,6378279.655698033
강원도 평창군 미탄면 마하리,마하리,4780539.578284223,6375765.732768675
강원도 평창군 미탄면 기화리,기화리,4775696.231083967,6379023.709321602
강원도 평창군 미탄면 한탄리,한탄리,4772222.198716135,6379385.580459187
강원도 평창군 미탄면 백운리,백운리,4775868.608842322,6380654.408460425
강원도 평창군 미탄면 평안리,평안리,4776983.260614765,6383999.315293749
강원도 평창군 미탄면 회동리,회동리,4771662.521571465,6385363.990648351
강원도 평창군 미탄면 율치리,율치리,4768821.907809111,6380972.674151996
강원도 평창군 미탄면 창리,창리,4770898.866037315,6382315.882466094
강원도 평창군 평창읍,평창읍,4759862.316207649,6386645.919074388
강원도 평창군 평창읍 뇌운리,뇌운리,4756228.133663136,6391068.214847371
강원도 평창군 평창읍 원당리,원당리,4750216.926381296,6390905.954859036
강원도 평창군 평창읍 하일리,하일리,4752962.749482908,6389620.978768705
강원도 평창군 평창읍 다수리,다수리,4757219.328839407,6389841.356942737
강원도 평창군 평창읍 계장리,계장리,4757436.250207357,6388804.325571806
강원도 평창군 평창읍 임하리,임하리,4758905.355532017,6389465.480046305
강원도 평창군 평창읍 용항리,용항리,4760558.149895788,6389773.821923013
강원도 평창군 평창읍 주진리,주진리,4763186.748912274,6389025.421239921
강원도 평창군 평창읍 후평리,후평리,4759208.431001172,6388107.201037593
강원도 평창군 평창읍 여만리,여만리,4761551.858727319,6387439.284357084
강원도 평창군 평창읍 향동리,향동리,4755614.052166645,6388145.162577781
강원도 평창군 평창읍 입탄리,입탄리,4751407.8045565365,6386560.377472629
강원도 평창군 평창읍 대하리,대하리,4752926.699355181,6382961.911521715
강원도 평창군 평창읍 대상리,대상리,4751222.627198919,6384996.387236488
강원도 평창군 평창읍 응암리,응암리,4756557.738249483,6383750.872447575
강원도 평창군 평창읍 마지리,마지리,4757109.140685265,6381940.590695328
강원도 평창군 평창읍 도돈리,도돈리,4754677.015930479,6384118.727063664
강원도 평창군 평창읍 천동리,천동리,4758044.682685165,6383973.990743659
강원도 평창군 평창읍 조둔리,조둔리,4754863.502465719,6386888.69550199
강원도 평창군 평창읍 약수리,약수리,4755146.913146441,6385670.84849009
강원도 평창군 평창읍 유동리,유동리,4757095.515199185,6385527.119630234
강원도 평창군 평창읍 지동리,지동리,4772327.041345295,6388430.515312069
강원도 평창군 평창읍 고길리,고길리,4768047.0734201325,6388905.275686986
강원도 평창군 평창읍 조동리,조동리,4767360.221465179,6386826.847418097
강원도 평창군 평창읍 이곡리,이곡리,4766568.446825842,6385682.7095059445
강원도 평창군 평창읍 노론리,노론리,4764447.123911038,6385414.599719033
강원도 평창군 평창읍 종부리,종부리,4759754.477208359,6385125.933167609
강원도 평창군 평창읍 천변리,천변리,4759931.020599413,6386402.40892799
강원도 평창군 평창읍 하리,하리,4757303.921389164,6386714.040010297
강원도 평창군 평창읍 중리,중리,4761071.573185013,6386808.46834014
강원도 평창군 평창읍 상리,상리,4761776.374130513,6385759.569354088
강원도 영월군 무릉도원면,무릉도원면,4741018.216191089,6383014.651543072
강원도 영월군 무릉도원면 두산리,두산리,4727253.694676211,6386862.708987772
강원도 영월군 무릉도원면 운학리,운학리,4735531.157752633,6392324.8724933285
강원도 영월군 무릉도원면 도원리,도원리,4737160.115409956,6387121.594827807
강원도 영월군 무릉도원면 법흥리,법흥리,4743423.108340663,6388667.176629947
강원도 영월군 무릉도원면 무릉리,무릉리,4742542.681201276,6383937.561214272
강원도 영월군 주천면,주천면,4740588.4704108145,6381731.649214213
강원도 영월군 주천면 용석리,용석리,4740346.2408975065,6377578.108697525
강원도 영월군 주천면 금마리,금마리,4737186.305645111,6379867.749113047
강원도 영월군 주천면 신일리,신일리,4737343.040344838,6381452.035054139
강원도 영월군 주천면 도천리,도천리,4736065.793180892,6383814.646755168
강원도 영월군 주천면 판운리,판운리,4747438.135522881,6385634.729862809
강원도 영월군 주천면 주천리,주천리,4741928.682019331,6380876.278210682
강원도 영월군 한반도면,한반도면,4747108.903422235,6377622.665011468
강원도 영월군 한반도면 쌍용리,쌍용리,4744211.796429661,6373318.600664455
강원도 영월군 한반도면 후탄리,후탄리,4748334.177335389,6374373.740031873
강원도 영월군 한반도면 신천리,신천리,4746855.371312106,6377810.918620207
강원도 영월군 한반도면 광전리,광전리,4750095.652574405,6379322.687560433
강원도 영월군 한반도면 옹정리,옹정리,4751307.218082317,6375903.262376019
강원도 영월군 남면,남면,4755320.683372632,6371925.781006575
강원도 영월군 남면 북쌍리,북쌍리,4754695.912344507,6374058.200886393
강원도 영월군 남면 조전리,조전리,4756748.1452651955,6366083.967372919
강원도 영월군 남면 광천리,광천리,4758262.066216033,6369457.224152779
강원도 영월군 남면 토교리,토교리,4739855.358028622,6371832.639400939
강원도 영월군 남면 창원리,창원리,4749049.245421256,6371540.057758673
강원도 영월군 남면 연당리,연당리,4755955.5358495265,6369916.7167260265
강원도 영월군 북면,북면,4763867.760416442,6376208.911494679
강원도 영월군 북면 덕상리,덕상리,4752134.4879357545,6379236.336158687
강원도 영월군 북면 공기리,공기리,4763554.019614986,6381387.226041332
강원도 영월군 북면 연덕리,연덕리,4759888.6101394575,6378541.663809847
강원도 영월군 북면 문곡리,문곡리,4760004.152019854,6375151.220783136
강원도 영월군 북면 마차리,마차리,4765943.208792434,6376394.013827327
강원도 영월군 김삿갓면,김삿갓면,4774700.640101957,6363192.3791793315
강원도 영월군 김삿갓면 내리,내리,4792798.958031427,6355535.078183931
강원도 영월군 김삿갓면 외룡리,외룡리,4785648.140658545,6360920.107490768
강원도 영월군 김삿갓면 와석리,와석리,4779381.613944796,6359614.3034918355
강원도 영월군 김삿갓면 주문리,주문리,4780574.746655478,6363196.631957677
강원도 영월군 김삿갓면 예밀리,예밀리,4777390.017072538,6364202.776531637
강원도 영월군 김삿갓면 옥동리,옥동리,4774562.939004736,6362776.549344819
강원도 영월군 김삿갓면 대야리,대야리,4771384.5720912805,6362800.269789303
강원도 영월군 김삿갓면 각동리,각동리,4768956.822677508,6363418.980084326
강원도 영월군 김삿갓면 진별리,진별리,4774384.599722332,6364921.9340912895
강원도 영월군 중동면,중동면,4789510.692336834,6362125.750188266
강원도 영월군 중동면 석항리,석항리,4782965.199458608,6368212.288248869
강원도 영월군 중동면 연상리,연상리,4780733.91060754,6367598.432695101
강원도 영월군 중동면 화원리,화원리,4784220.967635817,6364841.558179654
강원도 영월군 중동면 이목리,이목리,4787396.547650798,6364058.706463606
강원도 영월군 중동면 직동리,직동리,4800902.7741249725,6363250.3946810085
강원도 영월군 중동면 녹전리,녹전리,4792896.625615613,6362165.451454641
강원도 영월군 상동읍,상동읍,4807939.740953123,6357032.999896531
강원도 영월군 상동읍 덕구리,덕구리,4803579.680277986,6354824.2199970605
강원도 영월군 상동읍 천평리,천평리,4811701.937589884,6352902.280890783
강원도 영월군 상동읍 구래리,구래리,4810803.798541004,6358457.148740855
강원도 영월군 상동읍 내덕리,내덕리,4797042.866692598,6358298.638239573
강원도 영월군 영월읍,영월읍,4763239.387606331,6370586.794919204
강원도 영월군 영월읍 흥월리,흥월리,4761226.747860839,6364889.440682831
강원도 영월군 영월읍 팔괴리,팔괴리,4764262.8332329905,6367059.847849458
강원도 영월군 영월읍 정양리,정양리,4768308.202282288,6366832.21989341
강원도 영월군 영월읍 연하리,연하리,4773563.2297878,6369107.568178162
강원도 영월군 영월읍 문산리,문산리,4774058.872327558,6375777.894590538
강원도 영월군 영월읍 거운리,거운리,4773086.138667461,6373402.838325319
강원도 영월군 영월읍 삼옥리,삼옥리,4771611.992639227,6371324.566792068
강원도 영월군 영월읍 덕포리,덕포리,4765646.470999187,6369097.686494851
강원도 영월군 영월읍 방절리,방절리,4760251.734106214,6371407.196883105
강원도 영월군 영월읍 하송리,하송리,4762524.169870729,6369991.407567989
강원도 영월군 영월읍 영흥리,영흥리,4763725.875832972,6371864.785710155
강원도 횡성군 강림면,강림면,4724913.16850406,6391698.885234571
강원도 횡성군 강림면 월현리,월현리,4729656.462797681,6390141.850236982
강원도 횡성군 강림면 부곡리,부곡리,4719410.544761704,6390305.669711216
강원도 횡성군 강림면 강림리,강림리,4726487.466081369,6391770.762734808
강원도 횡성군 서원면,서원면,4693767.187561828,6406979.148427664
강원도 횡성군 서원면 금대리,금대리,4701464.174144445,6406902.8442404745
강원도 횡성군 서원면 유현리,유현리,4695057.760112619,6410402.387910884
강원도 횡성군 서원면 석화리,석화리,4689109.060627101,6407063.646930783
강원도 횡성군 서원면 옥계리,옥계리,4692326.6927124765,6402782.693252491
강원도 횡성군 서원면 압곡리,압곡리,4698845.75019989,6406717.759854647
강원도 횡성군 서원면 창촌리,창촌리,4695179.108352673,6406979.491952236
강원도 횡성군 공근면,공근면,4709204.008036192,6408737.975493693
강원도 횡성군 공근면 신촌리,신촌리,4707239.048949496,6407438.759440391
강원도 횡성군 공근면 덕촌리,덕촌리,4713254.282132324,6407884.256538177
강원도 횡성군 공근면 수백리,수백리,4715130.7653723955,6408460.18824263
강원도 횡성군 공근면 오산리,오산리,4711332.107970853,6406994.407792682
강원도 횡성군 공근면 매곡리,매곡리,4710842.046508603,6408378.405701086
강원도 횡성군 공근면 학담리,학담리,4707383.161741979,6408858.26786332
강원도 횡성군 공근면 초원리,초원리,4703067.55834296,6409732.750486279
강원도 횡성군 공근면 도곡리,도곡리,4707409.738129229,6410445.119515023
강원도 횡성군 공근면 창봉리,창봉리,4707274.764896238,6412617.963038799
강원도 횡성군 공근면 상창봉리,상창봉리,4703230.290319686,6413128.260983039
강원도 횡성군 공근면 행정리,행정리,4710020.650532672,6412197.124144384
강원도 횡성군 공근면 청곡리,청곡리,4711549.471341429,6409607.303194954
강원도 횡성군 공근면 삼배리,삼배리,4715755.028492699,6410653.331028291
강원도 횡성군 공근면 가곡리,가곡리,4713275.511445833,6411113.677714889
강원도 횡성군 공근면 공근리,공근리,4710768.736127222,6411378.749329283
강원도 횡성군 공근면 어둔리,어둔리,4709775.768538256,6414206.978471297
강원도 횡성군 공근면 부창리,부창리,4716063.9844828835,6411894.832824708
강원도 횡성군 공근면 상동리,상동리,4715181.131563966,6414409.269888232
강원도 횡성군 청일면,청일면,4734484.339829826,6408838.053411271
강원도 횡성군 청일면 신대리,신대리,4743928.21878854,6408677.350308042
강원도 횡성군 청일면 고시리,고시리,4739417.289816313,6407785.898305989
강원도 횡성군 청일면 갑천리,갑천리,4738395.603679341,6405871.171960251
강원도 횡성군 청일면 유평리,유평리,4732728.586875587,6407486.076480289
강원도 횡성군 청일면 초현리,초현리,4730768.48364853,6409131.857856742
강원도 횡성군 청일면 유동리,유동리,4737706.103966532,6409219.460861372
강원도 횡성군 청일면 춘당리,춘당리,4735320.174514382,6411061.1261061
강원도 횡성군 청일면 속실리,속실리,4739931.450551813,6412736.891756023
강원도 횡성군 청일면 봉명리,봉명리,4733721.91309885,6414367.738682018
강원도 횡성군 갑천면,갑천면,4728734.894285403,6407809.645158437
강원도 횡성군 갑천면 병지방리,병지방리,4726154.9135257,6412695.782285756
강원도 횡성군 갑천면 대관대리,대관대리,4717835.830107304,6408622.703738974
강원도 횡성군 갑천면 추동리,추동리,4719317.939730453,6410247.692779371
강원도 횡성군 갑천면 전촌리,전촌리,4721792.228734786,6409742.158448973
강원도 횡성군 갑천면 삼거리,삼거리,4722933.742104008,6409333.318906294
강원도 횡성군 갑천면 율동리,율동리,4729087.720100801,6408758.977927238
강원도 횡성군 갑천면 상대리,상대리,4736078.741876161,6403501.220281622
강원도 횡성군 갑천면 하대리,하대리,4734168.704620194,6404975.136135719
강원도 횡성군 갑천면 매일리,매일리,4730286.469904583,6406634.134632545
강원도 횡성군 갑천면 포동리,포동리,4726621.606649771,6405790.985110036
강원도 횡성군 갑천면 구방리,구방리,4723088.008269686,6406469.145044676
강원도 횡성군 갑천면 화전리,화전리,4724175.45216813,6407968.460260204
강원도 횡성군 갑천면 부동리,부동리,4722488.05871336,6408222.19595107
강원도 횡성군 갑천면 중금리,중금리,4720513.983503782,6407382.180793543
강원도 횡성군 둔내면,둔내면,4741195.353375835,6401801.607542438
강원도 횡성군 둔내면 궁종리,궁종리,4732424.117926743,6402994.466705871
강원도 횡성군 둔내면 화동리,화동리,4744828.754428549,6405980.587453536
강원도 횡성군 둔내면 마암리,마암리,4741255.9059926355,6404096.217281096
강원도 횡성군 둔내면 삽교리,삽교리,4747903.4838463,6403135.113778654
강원도 횡성군 둔내면 석문리,석문리,4743275.228745681,6403428.4727454195
강원도 횡성군 둔내면 자포곡리,자포곡리,4743505.749246828,6401734.54899351
강원도 횡성군 둔내면 두원리,두원리,4744955.178826703,6399799.086703145
강원도 횡성군 둔내면 우용리,우용리,4741140.022380133,6399666.435631543
강원도 횡성군 둔내면 조항리,조항리,4739787.20592112,6398613.504676414
강원도 횡성군 둔내면 영랑리,영랑리,4736939.612200053,6398220.032319141
강원도 횡성군 둔내면 둔방내리,둔방내리,4738721.388474185,6401980.476174263
강원도 횡성군 둔내면 현천리,현천리,4735746.628109212,6400726.9506071275
강원도 횡성군 안흥면,안흥면,4730325.607652321,6395187.205750995
강원도 횡성군 안흥면 성산리,성산리,4735422.13974966,6397156.2197714755
강원도 횡성군 안흥면 소사리,소사리,4731424.566653299,6399063.133986995
강원도 횡성군 안흥면 지구리,지구리,4734651.40602835,6395891.35642267
강원도 횡성군 안흥면 상안리,상안리,4737927.907486914,6394178.91914633
강원도 횡성군 안흥면 송한리,송한리,4729088.415399986,6397275.5313148
강원도 횡성군 안흥면 가천리,가천리,4727275.842809331,6393761.267995201
강원도 횡성군 안흥면 안흥리,안흥리,4728460.74817805,6394970.183701841
강원도 횡성군 우천면,우천면,4719771.027962491,6400761.683283077
강원도 횡성군 우천면 문암리,문암리,4717312.791453031,6401628.247250134
강원도 횡성군 우천면 법주리,법주리,4717822.725723084,6400282.566362294
강원도 횡성군 우천면 양적리,양적리,4718737.152801588,6401336.690966702
강원도 횡성군 우천면 우항리,우항리,4720631.882077089,6400308.879735719
강원도 횡성군 우천면 백달리,백달리,4720727.372465225,6399067.121309978
강원도 횡성군 우천면 오원리,오원리,4724343.126635908,6398000.321611445
강원도 횡성군 우천면 하대리,하대리,4722748.233185814,6400828.754452751
강원도 횡성군 우천면 상대리,상대리,4725757.8988474645,6400047.561609111
강원도 횡성군 우천면 하궁리,하궁리,4729133.881936164,6403049.307454089
강원도 횡성군 우천면 정금리,정금리,4726435.20567845,6402826.3108570315
강원도 횡성군 우천면 상하가리,상하가리,4721333.6075439975,6402166.288035101
강원도 횡성군 우천면 산전리,산전리,4724382.501457669,6402449.739590271
강원도 횡성군 우천면 용둔리,용둔리,4721005.58935333,6403977.321663568
강원도 횡성군 우천면 두곡리,두곡리,4718622.897389521,6402784.2187373815
강원도 횡성군 횡성읍,횡성읍,4711866.179043623,6404699.169063262
강원도 횡성군 횡성읍 정암리,정암리,4714543.038419129,6401906.573385809
강원도 횡성군 횡성읍 추동리,추동리,4716765.88312632,6403354.338867483
강원도 횡성군 횡성읍 가담리,가담리,4708037.106114932,6403696.950581571
강원도 횡성군 횡성읍 학곡리,학곡리,4707250.591777724,6406025.0894859
강원도 횡성군 횡성읍 갈풍리,갈풍리,4709573.402928853,6405249.744984651
강원도 횡성군 횡성읍 반곡리,반곡리,4706432.565040016,6403369.634933213
강원도 횡성군 횡성읍 모평리,모평리,4707313.529934542,6402453.3165783
강원도 횡성군 횡성읍 곡교리,곡교리,4708947.794533954,6402690.134734915
강원도 횡성군 횡성읍 묵계리,묵계리,4708941.5315854,6403408.193488759
강원도 횡성군 횡성읍 청용리,청용리,4710662.657887335,6402668.761274479
강원도 횡성군 횡성읍 입석리,입석리,4710717.138608693,6403797.612918843
강원도 횡성군 횡성읍 교항리,교항리,4710287.149691938,6404324.190728865
강원도 횡성군 횡성읍 남산리,남산리,4712215.448104565,6403081.792325859
강원도 횡성군 횡성읍 생운리,생운리,4713836.401456365,6403312.773492506
강원도 횡성군 횡성읍 조곡리,조곡리,4715427.234949417,6404234.7494621845
강원도 횡성군 횡성읍 마산리,마산리,4711961.824223153,6404257.624973252
강원도 횡성군 횡성읍 개전리,개전리,4715383.992609486,6405373.756032053
강원도 횡성군 횡성읍 영영포리,영영포리,4718099.097454419,6404889.857367337
강원도 횡성군 횡성읍 옥동리,옥동리,4718293.568426494,6406209.142444936
강원도 횡성군 횡성읍 궁천리,궁천리,4716772.149149505,6408145.3531547235
강원도 횡성군 횡성읍 송전리,송전리,4717089.756536852,6407363.082461895
강원도 횡성군 횡성읍 마옥리,마옥리,4715320.20812262,6407052.441350996
강원도 횡성군 횡성읍 내지리,내지리,4714193.330678797,6406274.695650651
강원도 횡성군 횡성읍 북천리,북천리,4712147.026175024,6405328.935313558
강원도 횡성군 횡성읍 읍하리,읍하리,4709791.939035424,6404733.116251004
강원도 횡성군 횡성읍 읍상리,읍상리,4711381.31619218,6404356.2121648695
강원도 홍천군 내면,내면,4770510.770825388,6419269.465100802
강원도 홍천군 내면 방내리,방내리,4756562.314425691,6425197.631990395
강원도 홍천군 내면 자운리,자운리,4769779.963627953,6415478.145766671
강원도 홍천군 내면 율전리,율전리,4765095.441303924,6421326.254237364
강원도 홍천군 내면 명개리,명개리,4790897.532828035,6422221.753480806
강원도 홍천군 내면 광원리,광원리,4779434.7352282135,6420774.748776536
강원도 홍천군 내면 창촌리,창촌리,4774138.727527131,6418054.306779517
강원도 홍천군 북방면,북방면,4700126.025331112,6423907.925049745
강원도 홍천군 북방면 전치곡리,전치곡리,4690045.355522154,6427581.56101769
강원도 홍천군 북방면 하화계리,하화계리,4699734.072826818,6422700.5585710695
강원도 홍천군 북방면 소매곡리,소매곡리,4697342.631258645,6424312.619583759
강원도 홍천군 북방면 도사곡리,도사곡리,4694796.083541736,6424876.568021297
강원도 홍천군 북방면 굴지리,굴지리,4693185.542772286,6425312.27316304
강원도 홍천군 북방면 장항리,장항리,4691439.513380162,6423805.610484284
강원도 홍천군 북방면 노일리,노일리,4684591.757928074,6423763.982563363
강원도 홍천군 북방면 구만리,구만리,4682586.474668678,6427451.334621033
강원도 홍천군 북방면 원소리,원소리,4686498.915914164,6426706.913163331
강원도 홍천군 북방면 역전평리,역전평리,4692240.559508506,6426824.8505275035
강원도 홍천군 북방면 본궁리,본궁리,4695002.1821596855,6426836.133740111
강원도 홍천군 북방면 부사원리,부사원리,4698637.896696797,6426965.33793065
강원도 홍천군 북방면 능평리,능평리,4699302.616875292,6425240.1277574245
강원도 홍천군 북방면 북방리,북방리,4702478.669674438,6431720.060120892
강원도 홍천군 북방면 성동리,성동리,4704014.896742637,6427037.028771884
강원도 홍천군 북방면 중화계리,중화계리,4701790.402948625,6423357.301339821
강원도 홍천군 북방면 화동리,화동리,4702393.573109726,6424270.261933277
강원도 홍천군 북방면 상화계리,상화계리,4699864.990830575,6424028.709571724
강원도 홍천군 서면,서면,4675858.126755909,6425855.618485748
강원도 홍천군 서면 두미리,두미리,4675378.982532285,6424895.712224399
강원도 홍천군 서면 개야리,개야리,4671986.4549622135,6426084.509351988
강원도 홍천군 서면 마곡리,마곡리,4666491.998550369,6429994.675312586
강원도 홍천군 서면 모곡리,모곡리,4665344.102119001,6427159.344358514
강원도 홍천군 서면 동막리,동막리,4662464.620828503,6425452.768610838
강원도 홍천군 서면 길곡리,길곡리,4663611.35350642,6424666.806238142
강원도 홍천군 서면 중방대리,중방대리,4668607.048318732,6424161.912035275
강원도 홍천군 서면 대곡리,대곡리,4672755.048078824,6422506.601870788
강원도 홍천군 서면 굴업리,굴업리,4676343.393358422,6420113.539379714
강원도 홍천군 서면 팔봉리,팔봉리,4679558.708858551,6423645.768183283
강원도 홍천군 서면 어유포리,어유포리,4679541.1695099315,6426764.919934453
강원도 홍천군 서면 반곡리,반곡리,4676186.612838072,6426265.046461186
강원도 홍천군 남면,남면,4686969.88820031,6418629.498472157
강원도 홍천군 남면 화전리,화전리,4682258.273918005,6418649.791817883
강원도 홍천군 남면 남노일리,남노일리,4689156.064586228,6422654.712387958
강원도 홍천군 남면 용수리,용수리,4684249.598492633,6421578.226443122
강원도 홍천군 남면 제곡리,제곡리,4688609.767509573,6420899.416492715
강원도 홍천군 남면 명동리,명동리,4687038.321429937,6419109.501667217
강원도 홍천군 남면 월천리,월천리,4690016.666608348,6419240.930256017
강원도 홍천군 남면 유치리,유치리,4698487.469622644,6413798.818185723
강원도 홍천군 남면 시동리,시동리,4694271.666581476,6415005.240139304
강원도 홍천군 남면 신대리,신대리,4690890.109570283,6415951.628829037
강원도 홍천군 남면 유목정리,유목정리,4687248.49966005,6416794.903210523
강원도 홍천군 남면 양덕원리,양덕원리,4687448.674175568,6418404.054157255
강원도 홍천군 동면,동면,4709738.034955433,6420297.785865169
강원도 홍천군 동면 좌운리,좌운리,4719464.954773424,6415406.346332464
강원도 홍천군 동면 노천리,노천리,4723739.899751205,6418075.258569266
강원도 홍천군 동면 개운리,개운리,4709390.048371154,6419537.8877651235
강원도 홍천군 동면 후동리,후동리,4709282.704501024,6417992.496232592
강원도 홍천군 동면 월운리,월운리,4707873.273045706,6416693.931150261
강원도 홍천군 동면 방량리,방량리,4706381.580339186,6418230.539589176
강원도 홍천군 동면 삼현리,삼현리,4706009.73457635,6419535.932371991
강원도 홍천군 동면 성수리,성수리,4707300.496982924,6420496.585790111
강원도 홍천군 동면 덕치리,덕치리,4711031.550470683,6421356.154301051
강원도 홍천군 동면 신봉리,신봉리,4715874.343560081,6420586.155283215
강원도 홍천군 동면 속초리,속초리,4713245.914792047,6419650.308778756
강원도 홍천군 서석면,서석면,4742692.035566525,6418416.984117578
강원도 홍천군 서석면 수하리,수하리,4747338.153088239,6423056.189624753
강원도 홍천군 서석면 어론리,어론리,4735399.202367568,6418801.616271722
강원도 홍천군 서석면 청량리,청량리,4742344.52666024,6414262.547138064
강원도 홍천군 서석면 하군두리,하군두리,4743590.009069613,6417010.113582558
강원도 홍천군 서석면 상군두리,상군두리,4745849.340592516,6416786.8559027165
강원도 홍천군 서석면 생곡리,생곡리,4750491.177016487,6414840.304718836
강원도 홍천군 서석면 검산리,검산리,4750540.9918424105,6419306.383854262
강원도 홍천군 서석면 풍암리,풍암리,4742944.283590609,6418417.7993236175
강원도 홍천군 내촌면,내촌면,4732801.323336458,6428400.678214456
강원도 홍천군 내촌면 광암리,광암리,4738051.561317307,6430697.2526414795
강원도 홍천군 내촌면 문현리,문현리,4733993.960940482,6426392.120681694
강원도 홍천군 내촌면 화상대리,화상대리,4727247.423992312,6427398.336833854
강원도 홍천군 내촌면 답풍리,답풍리,4731226.142309986,6428411.272654131
강원도 홍천군 내촌면 도관리,도관리,4733220.724692459,6428607.071774523
강원도 홍천군 내촌면 서곡리,서곡리,4736382.626533293,6427649.482549739
강원도 홍천군 내촌면 와야리,와야리,4740260.211843948,6426751.38432284
강원도 홍천군 내촌면 물걸리,물걸리,4736919.547232756,6424168.149914227
강원도 홍천군 두촌면,두촌면,4725565.692011359,6433751.698032631
강원도 홍천군 두촌면 괘석리,괘석리,4736993.39136701,6433351.963617382
강원도 홍천군 두촌면 장남리,장남리,4728848.914491113,6437316.2403618265
강원도 홍천군 두촌면 원동리,원동리,4723843.721789052,6436895.140877881
강원도 홍천군 두촌면 자은리,자은리,4728401.833310537,6434184.439271046
강원도 홍천군 두촌면 천현리,천현리,4724229.433144604,6433050.9624971505
강원도 홍천군 두촌면 역내리,역내리,4728196.755210848,6430793.27029236
강원도 홍천군 두촌면 철정리,철정리,4720487.127151128,6429966.18471184
강원도 홍천군 화촌면,화촌면,4716317.916436318,6426994.859166246
강원도 홍천군 화촌면 외삼포리,외삼포리,4716527.405499876,6426220.847680812
강원도 홍천군 화촌면 풍천리,풍천리,4708870.259666979,6432769.791720576
강원도 홍천군 화촌면 구성포리,구성포리,4709682.190898395,6428466.965050638
강원도 홍천군 화촌면 굴운리,굴운리,4715150.649175007,6423853.720783483
강원도 홍천군 화촌면 장평리,장평리,4730387.924971109,6422484.338828471
강원도 홍천군 화촌면 군업리,군업리,4723274.760604544,6422642.878607433
강원도 홍천군 화촌면 주음치리,주음치리,4722436.089015209,6426768.541810642
강원도 홍천군 화촌면 야시대리,야시대리,4717339.4229109865,6430509.618366063
강원도 홍천군 화촌면 성산리,성산리,4715050.694709699,6428466.129224269
강원도 홍천군 화촌면 내삼포리,내삼포리,4716756.883059311,6424460.3457300365
강원도 홍천군 화촌면 송정리,송정리,4709880.713205506,6426006.247236751
강원도 홍천군 홍천읍,홍천읍,4703623.562120779,6422089.873681229
강원도 홍천군 홍천읍 상오안리,상오안리,4693506.480973573,6419571.817471485
강원도 홍천군 홍천읍 삼마치리,삼마치리,4702356.952320568,6416523.132455996
강원도 홍천군 홍천읍 장전평리,장전평리,4698961.5065287845,6419054.210635404
강원도 홍천군 홍천읍 하오안리,하오안리,4697043.034417616,6421365.524278874
강원도 홍천군 홍천읍 연봉리,연봉리,4703136.964027075,6421329.639069374
강원도 홍천군 홍천읍 태학리,태학리,4706859.053104667,6424415.37041137
강원도 홍천군 홍천읍 결운리,결운리,4709030.774542259,6424288.623063902
강원도 홍천군 홍천읍 와동리,와동리,4712105.063028927,6423504.753957632
강원도 홍천군 홍천읍 검율리,검율리,4707848.300076088,6422148.358407796
강원도 홍천군 홍천읍 갈마곡리,갈마곡리,4705227.912592208,6423210.754570269
강원도 홍천군 홍천읍 희망리,희망리,4704008.827896684,6422950.940107346
강원도 홍천군 홍천읍 신장대리,신장대리,4703871.274051235,6422105.2611136
강원도 홍천군 홍천읍 진리,진리,4704533.438172987,6422152.886129409
강원도 삼척시 근산동,근산동,4858746.583599009,6373109.412873334
강원도 삼척시 정하동,정하동,4865261.689667845,6373966.291119264
강원도 삼척시 정상동,정상동,4863692.452959178,6374131.051215307
강원도 삼척시 조비동,조비동,4859250.258998811,6371282.595128125
강원도 삼척시 적노동,적노동,4862756.00326212,6371920.863538477
강원도 삼척시 오분동,오분동,4864738.0658271955,6372340.49735387
강원도 삼척시 사직동,사직동,4862507.164005656,6373136.074070555
강원도 삼척시 성남동,성남동,4860590.32925391,6374049.113492153
강원도 삼척시 원당동,원당동,4860129.420903826,6375033.278307891
강원도 삼척시 건지동,건지동,4859323.1012801565,6373949.637108429
강원도 삼척시 오사동,오사동,4858717.796145145,6374691.893857416
강원도 삼척시 마평동,마평동,4857419.572572258,6373810.012417095
강원도 삼척시 도경동,도경동,4853709.349879777,6376640.0155277485
강원도 삼척시 등봉동,등봉동,4856302.081700878,6376357.221605855
강원도 삼척시 평전동,평전동,4858025.25884731,6376085.613551767
강원도 삼척시 자원동,자원동,4858819.152058695,6375317.591825047
강원도 삼척시 마달동,마달동,4861423.588667805,6375827.7344146315
강원도 삼척시 우지동,우지동,4860008.967212915,6376409.175354398
강원도 삼척시 증산동,증산동,4861986.321256201,6377218.534448266
강원도 삼척시 갈천동,갈천동,4862414.258296819,6376527.893309448
강원도 삼척시 당저동,당저동,4861821.285649007,6375047.575343779
강원도 삼척시 읍중동,읍중동,4861820.497676619,6374622.087064564
강원도 삼척시 읍상동,읍상동,4861607.253568244,6374512.243743309
강원도 삼척시 성북동,성북동,4861075.94117172,6374952.172665863
강원도 삼척시 성내동,성내동,4861941.120031207,6375030.053121675
강원도 삼척시 정라동,정라동,4864493.952585419,6373634.654119685
강원도 삼척시 교동,교동,4862217.484253066,6375133.104264066
강원도 삼척시 남양동,남양동,4862562.771057657,6374585.836648306
강원도 삼척시 신기면,신기면,4848439.604555101,6368961.422771419
강원도 삼척시 신기면 마차리,마차리,4846509.490779086,6366162.474106163
강원도 삼척시 신기면 대평리,대평리,4849033.441974025,6367771.0995751
강원도 삼척시 신기면 안의리,안의리,4847137.498687819,6368347.120470922
강원도 삼척시 신기면 대기리,대기리,4842408.482714128,6367327.472129276
강원도 삼척시 신기면 대이리,대이리,4839773.440714847,6368479.818080768
강원도 삼척시 신기면 고무릉리,고무릉리,4843463.951407303,6369520.821654645
강원도 삼척시 신기면 서하리,서하리,4846280.096255017,6369347.7972113965
강원도 삼척시 신기면 신기리,신기리,4848641.987421354,6368893.399820387
강원도 삼척시 가곡면,가곡면,4858240.654816367,6349075.007088638
강원도 삼척시 가곡면 동활리,동활리,4849137.616271835,6351248.29116238
강원도 삼척시 가곡면 풍곡리,풍곡리,4851930.1148763485,6345017.857456665
강원도 삼척시 가곡면 오저리,오저리,4855411.711464974,6348704.826878726
강원도 삼척시 가곡면 탕곡리,탕곡리,4859889.156268624,6349058.986654154
강원도 삼척시 가곡면 오목리,오목리,4856589.336865854,6351077.246201697
강원도 삼척시 미로면,미로면,4854396.361283285,6373899.800639752
강원도 삼척시 미로면 내미로리,내미로리,4847450.257463449,6377603.079479156
강원도 삼척시 미로면 고천리,고천리,4847739.426833251,6375253.008045927
강원도 삼척시 미로면 삼거리,삼거리,4848008.790374328,6374374.867253027
강원도 삼척시 미로면 상사전리,상사전리,4846802.138033302,6374057.488169789
강원도 삼척시 미로면 동산리,동산리,4849585.860127325,6373100.230864546
강원도 삼척시 미로면 하사전리,하사전리,4848466.064082392,6371926.549588141
강원도 삼척시 미로면 활기리,활기리,4847599.035025313,6371187.065822233
강원도 삼척시 미로면 천기리,천기리,4850366.88440987,6370521.67850171
강원도 삼척시 미로면 하정리,하정리,4852492.751954832,6371504.763396686
강원도 삼척시 미로면 상정리,상정리,4850915.567807052,6371314.789761519
강원도 삼척시 미로면 상거노리,상거노리,4853385.198038984,6372456.737466478
강원도 삼척시 미로면 하거노리,하거노리,4852871.584969292,6373734.264990229
강원도 삼척시 미로면 사둔리,사둔리,4852376.113278626,6375534.719309028
강원도 삼척시 미로면 무사리,무사리,4855938.576122683,6374010.806475441
강원도 삼척시 노곡면,노곡면,4859057.6240134,6366752.378073571
강원도 삼척시 노곡면 상마읍리,상마읍리,4857031.819363883,6358480.1431429265
강원도 삼척시 노곡면 중마읍리,중마읍리,4858706.110222696,6359615.192701149
강원도 삼척시 노곡면 하마읍리,하마읍리,4859208.640171139,6360353.715411435
강원도 삼척시 노곡면 주지리,주지리,4852174.036298701,6361910.25489745
강원도 삼척시 노곡면 둔달리,둔달리,4851021.761186893,6363632.132031204
강원도 삼척시 노곡면 상군천리,상군천리,4852486.89074341,6365169.174031965
강원도 삼척시 노곡면 하군천리,하군천리,4855935.156399814,6364736.514339645
강원도 삼척시 노곡면 상월산리,상월산리,4857928.808243912,6365634.979018867
강원도 삼척시 노곡면 개산리,개산리,4861792.071956483,6364735.626739847
강원도 삼척시 노곡면 하월산리,하월산리,4859260.499720442,6366669.347818935
강원도 삼척시 노곡면 고자리,고자리,4857665.428303604,6367645.332692159
강원도 삼척시 노곡면 우발리,우발리,4861103.535086326,6368715.539026714
강원도 삼척시 노곡면 상반천리,상반천리,4855045.115957097,6368132.265703711
강원도 삼척시 노곡면 하반천리,하반천리,4853560.777005833,6368510.927370975
강원도 삼척시 노곡면 상천기리,상천기리,4852435.271767285,6369508.101815309
강원도 삼척시 노곡면 여삼리,여삼리,4857155.921442422,6370130.11755918
강원도 삼척시 하장면,하장면,4830023.494093782,6372437.780499646
강원도 삼척시 하장면 용연리,용연리,4825214.396764166,6369182.541349861
강원도 삼척시 하장면 판문리,판문리,4822614.721574658,6366134.939855062
강원도 삼척시 하장면 어리,어리,4824731.460461984,6367617.611039286
강원도 삼척시 하장면 대전리,대전리,4819242.120847734,6368484.501125118
강원도 삼척시 하장면 역둔리,역둔리,4818865.951641027,6370253.536929168
강원도 삼척시 하장면 둔전리,둔전리,4820867.154662764,6370280.857225255
강원도 삼척시 하장면 공전리,공전리,4819205.843122369,6374348.934287987
강원도 삼척시 하장면 갈전리,갈전리,4824946.0804784745,6376464.55602152
강원도 삼척시 하장면 토산리,토산리,4821263.73437052,6376702.706357203
강원도 삼척시 하장면 한소리,한소리,4821109.185229719,6365153.531993428
강원도 삼척시 하장면 추동리,추동리,4823567.696596195,6373058.772219741
강원도 삼척시 하장면 장전리,장전리,4827505.418662401,6372912.600972712
강원도 삼척시 하장면 광동리,광동리,4829834.963435593,6372269.84012638
강원도 삼척시 하장면 숙암리,숙암리,4833678.8715318525,6371250.206741332
강원도 삼척시 하장면 번천리,번천리,4838484.0829332415,6374114.455948644
강원도 삼척시 하장면 중봉리,중봉리,4830767.805605506,6377376.698647138
강원도 삼척시 근덕면,근덕면,4868205.1158054685,6367807.699776083
강원도 삼척시 근덕면 장호리,장호리,4877048.377763826,6357256.265536875
강원도 삼척시 근덕면 용화리,용화리,4873321.411552078,6356923.324385402
강원도 삼척시 근덕면 초곡리,초곡리,4874386.3456845945,6359885.142694373
강원도 삼척시 근덕면 매원리,매원리,4872235.465076963,6360275.995835546
강원도 삼척시 근덕면 궁촌리,궁촌리,4868411.333548934,6359481.3895903705
강원도 삼척시 근덕면 동막리,동막리,4864833.626959193,6362795.787539953
강원도 삼척시 근덕면 광태리,광태리,4868493.85569518,6365247.11215789
강원도 삼척시 근덕면 부남리,부남리,4869679.542799478,6365444.600652631
강원도 삼척시 근덕면 덕산리,덕산리,4870692.301950283,6367695.1390070785
강원도 삼척시 근덕면 교곡리,교곡리,4863909.373573141,6366967.445193094
강원도 삼척시 근덕면 교가리,교가리,4867977.07675547,6367598.949540438
강원도 삼척시 근덕면 금계리,금계리,4862824.202517067,6370481.136139092
강원도 삼척시 근덕면 하맹방리,하맹방리,4865655.485941287,6368852.257508291
강원도 삼척시 근덕면 상맹방리,상맹방리,4866893.608202769,6369926.558827295
강원도 삼척시 원덕읍,원덕읍,4876386.292545994,6347771.952464454
강원도 삼척시 원덕읍 산양리,산양리,4868316.021213941,6346325.869164224
강원도 삼척시 원덕읍 기곡리,기곡리,4865710.324374258,6347791.907591585
강원도 삼척시 원덕읍 사곡리,사곡리,4862605.964992354,6344964.971208468
강원도 삼척시 원덕읍 노경리,노경리,4873760.18208632,6346904.852765991
강원도 삼척시 원덕읍 월천리,월천리,4876629.575404644,6346228.7372899875
강원도 삼척시 원덕읍 호산리,호산리,4876673.540617019,6347764.202407886
강원도 삼척시 원덕읍 옥원리,옥원리,4875300.165424619,6349898.630768185
강원도 삼척시 원덕읍 이천리,이천리,4865351.2488374645,6353339.317354891
강원도 삼척시 원덕읍 노곡리,노곡리,4877975.102095114,6349870.879568918
강원도 삼척시 원덕읍 임원리,임원리,4874873.160356383,6353792.183958157
강원도 삼척시 원덕읍 갈남리,갈남리,4877241.183239962,6355969.338386619
강원도 삼척시 도계읍,도계읍,4839934.087275114,6360525.430097086
강원도 삼척시 도계읍 신리,신리,4849920.595553245,6353703.309080326
강원도 삼척시 도계읍 구사리,구사리,4841635.759130506,6354930.019730859
강원도 삼척시 도계읍 심포리,심포리,4837661.5257858345,6356759.133062358
강원도 삼척시 도계읍 흥전리,흥전리,4837724.788752737,6359365.934855396
강원도 삼척시 도계읍 전두리,전두리,4838849.387433252,6360204.492462379
강원도 삼척시 도계읍 황조리,황조리,4844611.0056676995,6357592.095612102
강원도 삼척시 도계읍 상덕리,상덕리,4842269.682774083,6357464.763061605
강원도 삼척시 도계읍 도계리,도계리,4841308.225588238,6359464.738353139
강원도 삼척시 도계읍 마교리,마교리,4842644.488603549,6360666.541997727
강원도 삼척시 도계읍 점리,점리,4838066.755395264,6362172.710222549
강원도 삼척시 도계읍 늑구리,늑구리,4842089.830111957,6361928.346731844
강원도 삼척시 도계읍 무건리,무건리,4849247.759657282,6360826.2192057995
강원도 삼척시 도계읍 산기리,산기리,4845852.361521587,6361571.711097609
강원도 삼척시 도계읍 고사리,고사리,4843441.029268188,6363561.905702442
강원도 삼척시 도계읍 차구리,차구리,4847327.9861447,6363691.789220529
강원도 삼척시 도계읍 발이리,발이리,4841414.748003944,6365689.990977055
강원도 속초시 장사동,장사동,4804198.873257136,6451725.178034299
강원도 속초시 설악동,설악동,4795795.854062396,6448424.986840722
강원도 속초시 도문동,도문동,4802738.572949791,6448059.191243455
강원도 속초시 청학동,청학동,4807346.223506531,6450323.725471081
강원도 속초시 중앙동,중앙동,4808274.304239346,6450448.109750324
강원도 속초시 대포동,대포동,4802844.254310711,6447790.034895518
강원도 속초시 청호동,청호동,4808707.673153347,6449708.962282141
강원도 속초시 조양동,조양동,4807817.891183079,6448949.345672744
강원도 속초시 노학동,노학동,4806172.393926588,6449991.646195259
강원도 속초시 교동,교동,4807144.630892347,6450320.253555337
강원도 속초시 금호동,금호동,4807991.776444485,6450578.322546202
강원도 속초시 동명동,동명동,4809122.478885454,6450908.484419405
강원도 속초시 영랑동,영랑동,4808429.050629898,6451947.900708707
강원도 태백시 조탄동,조탄동,4832303.739033532,6369534.6622363
강원도 태백시 하사미동,하사미동,4834609.164198358,6368450.225409821
강원도 태백시 상사미동,상사미동,4834151.206107308,6364675.484848133
강원도 태백시 원동,원동,4828786.79825391,6365500.925954263
강원도 태백시 백산동,백산동,4837645.628735964,6352942.132747397
강원도 태백시 통동,통동,4834975.733433977,6355959.888229915
강원도 태백시 창죽동,창죽동,4828062.018165178,6362610.952875594
강원도 태백시 적각동,적각동,4833306.899917918,6360461.874357315
강원도 태백시 화전동,화전동,4825033.424708338,6359991.937760582
강원도 태백시 혈동,혈동,4817110.004045722,6353881.776122922
강원도 태백시 소도동,소도동,4825193.901194189,6353434.433533101
강원도 태백시 동점동,동점동,4834950.403534607,6348400.006497105
강원도 태백시 문곡동,문곡동,4830216.415703174,6352440.400907195
강원도 태백시 금천동,금천동,4826093.9003488235,6350369.78619792
강원도 태백시 철암동,철암동,4835437.649160258,6350765.68945345
강원도 태백시 구문소동,구문소동,4832578.329548414,6349806.79434138
강원도 태백시 장성동,장성동,4830763.01366988,6350200.964058288
강원도 태백시 문곡소도동,문곡소도동,4825501.6318049105,6353999.458923592
강원도 태백시 상장동,상장동,4830152.0174869,6355028.903229044
강원도 태백시 삼수동,삼수동,4829335.622494002,6357600.595795934
강원도 태백시 황연동,황연동,4830427.344835226,6357231.923332174
강원도 태백시 황지동,황지동,4830825.704644409,6356447.230428615
강원도 동해시 달방동,달방동,4844175.820496392,6383322.969567762
강원도 동해시 비천동,비천동,4849068.663191166,6384735.317202093
강원도 동해시 신흥동,신흥동,4842654.0189806875,6384974.973640676
강원도 동해시 만우동,만우동,4852581.5848406805,6386449.548708949
강원도 동해시 괴란동,괴란동,4852302.11552974,6387985.9575968
강원도 동해시 초구동,초구동,4856151.636323807,6387222.285157723
강원도 동해시 심곡동,심곡동,4855125.944073993,6388291.10755483
강원도 동해시 대진동,대진동,4859045.737628414,6387121.111740517
강원도 동해시 어달동,어달동,4858933.164620622,6386293.874975709
강원도 동해시 이로동,이로동,4848918.522342323,6382255.756186203
강원도 동해시 이기동,이기동,4842475.361758375,6381923.378354864
강원도 동해시 묵호진동,묵호진동,4858862.265023264,6385387.424640907
강원도 동해시 내동,내동,4857870.811538359,6376902.303431251
강원도 동해시 호현동,호현동,4857587.985289619,6377483.399818991
강원도 동해시 대구동,대구동,4858760.28686232,6377754.938155711
강원도 동해시 귀운동,귀운동,4852617.331912975,6378790.367131275
강원도 동해시 이도동,이도동,4854388.550670774,6379280.451665687
강원도 동해시 지가동,지가동,4854907.618964456,6378263.723358082
강원도 동해시 단봉동,단봉동,4856737.826632015,6378018.752439125
강원도 동해시 구호동,구호동,4860470.687463245,6378417.998720662
강원도 동해시 추암동,추암동,4861328.381937111,6377665.32807
강원도 동해시 구미동,구미동,4858826.034792795,6378986.311903302
강원도 동해시 쇄운동,쇄운동,4851314.97765383,6379897.9030338535
강원도 동해시 나안동,나안동,4856554.019494708,6379572.484114605
강원도 동해시 동회동,동회동,4855152.137143808,6380530.498516207
강원도 동해시 효가동,효가동,4856549.68576913,6380689.902073499
강원도 동해시 지흥동,지흥동,4853680.44759565,6381838.599710043
강원도 동해시 용정동,용정동,4858164.42002324,6381175.400974031
강원도 동해시 평릉동,평릉동,4856109.364133887,6383806.340516765
강원도 동해시 삼화동,삼화동,4850634.411350652,6380924.489710493
강원도 동해시 망상동,망상동,4857602.238126188,6385837.454068707
강원도 동해시 북평동,북평동,4858071.719263588,6379124.243561922
강원도 동해시 묵호동,묵호동,4858918.85806565,6385663.554479446
강원도 동해시 발한동,발한동,4857774.589540967,6384962.050042831
강원도 동해시 동호동,동호동,4856665.958887086,6384929.106543134
강원도 동해시 부곡동,부곡동,4857170.790188694,6383938.347439254
강원도 동해시 북삼동,북삼동,4855934.732807472,6380030.129091226
강원도 동해시 송정동,송정동,4859032.2494210955,6380372.996531196
강원도 동해시 천곡동,천곡동,4858095.858064313,6382617.695920671
강원도 강릉시 운산동,운산동,4840236.0457950225,6403941.543255847
강원도 강릉시 안현동,안현동,4837723.760509726,6411288.151671188
강원도 강릉시 저동,저동,4836695.8904463295,6410767.558577199
강원도 강릉시 난곡동,난곡동,4834346.193900682,6410486.11357306
강원도 강릉시 운정동,운정동,4836959.045719871,6409916.885806755
강원도 강릉시 대전동,대전동,4831276.8618534,6411173.142933589
강원도 강릉시 죽헌동,죽헌동,4833236.07925952,6409927.716123421
강원도 강릉시 지변동,지변동,4833274.498890017,6409194.724413909
강원도 강릉시 유천동,유천동,4831280.579154856,6408934.060851917
강원도 강릉시 남항진동,남항진동,4843709.563503216,6406146.15623444
강원도 강릉시 병산동,병산동,4842107.27795426,6406454.755087953
강원도 강릉시 학동,학동,4840616.395916651,6406277.746360348
강원도 강릉시 두산동,두산동,4840474.398474477,6407154.725604132
강원도 강릉시 청량동,청량동,4839389.06326901,6405634.113300429
강원도 강릉시 입암동,입암동,4838878.693074404,6406933.561155027
강원도 강릉시 신석동,신석동,4838761.392560809,6404431.590904158
강원도 강릉시 월호평동,월호평동,4841690.2079566615,6405153.143780029
강원도 강릉시 유산동,유산동,4837665.837896885,6405207.421774363
강원도 강릉시 노암동,노암동,4836574.922535807,6405980.081817137
강원도 강릉시 담산동,담산동,4835519.387669035,6404124.9502114495
강원도 강릉시 박월동,박월동,4837072.718922307,6404105.330646176
강원도 강릉시 장현동,장현동,4834859.78972807,6404948.183855952
강원도 강릉시 회산동,회산동,4831294.353895642,6406332.952854789
강원도 강릉시 견소동,견소동,4842373.960035411,6407597.177924715
강원도 강릉시 강문동,강문동,4839804.037492072,6409851.071555308
강원도 강릉시 포남동,포남동,4837810.106185401,6407734.984021892
강원도 강릉시 교동,교동,4833361.497443383,6408454.588971738
강원도 강릉시 성남동,성남동,4836134.320464636,6406810.808151268
강원도 강릉시 용강동,용강동,4835178.430499799,6407104.191468926
강원도 강릉시 금학동,금학동,4835816.993679704,6406979.292051332
강원도 강릉시 임당동,임당동,4835698.8605371,6407200.306876103
강원도 강릉시 성내동,성내동,4835479.04194664,6406941.774142138
강원도 강릉시 명주동,명주동,4835169.093134228,6406859.546290282
강원도 강릉시 남문동,남문동,4834710.187573949,6406797.648663167
강원도 강릉시 경포동,경포동,4834705.571067546,6409823.396456076
강원도 강릉시 성덕동,성덕동,4838464.955236237,6407407.73732967
강원도 강릉시 강남동,강남동,4836852.492293327,6405987.765905976
강원도 강릉시 내곡동,내곡동,4833464.068843706,6406113.359725807
강원도 강릉시 송정동,송정동,4840613.111894479,6408007.7091745855
강원도 강릉시 초당동,초당동,4839583.48521504,6409711.091928901
강원도 강릉시 포남2동,포남2동,4838697.137368661,6408183.572168481
강원도 강릉시 포남1동,포남1동,4837812.750168078,6407736.064073257
강원도 강릉시 교2동,교2동,4835808.1000327,6408244.192884791
강원도 강릉시 교1동,교1동,4833361.497443383,6408454.588971738
강원도 강릉시 옥천동,옥천동,4836961.932627935,6407370.38384215
강원도 강릉시 중앙동,중앙동,4835668.560900703,6407230.4179778
강원도 강릉시 홍제동,홍제동,4834081.602189409,6406818.139851369
강원도 강릉시 연곡면,연곡면,4831127.099982787,6417087.70510147
강원도 강릉시 연곡면 퇴곡리,퇴곡리,4817243.212763795,6418592.8718973845
강원도 강릉시 연곡면 삼산리,삼산리,4806834.156017177,6418441.762335707
강원도 강릉시 연곡면 유등리,유등리,4820392.14197101,6416940.614770897
강원도 강릉시 연곡면 신왕리,신왕리,4819760.171412518,6414334.365530771
강원도 강릉시 연곡면 행정리,행정리,4822759.961307517,6418329.420115629
강원도 강릉시 연곡면 송림리,송림리,4827767.878641423,6416908.344130499
강원도 강릉시 연곡면 동덕리,동덕리,4831552.771215028,6416343.933667017
강원도 강릉시 연곡면 영진리,영진리,4832131.053043311,6417592.386361248
강원도 강릉시 연곡면 방내리,방내리,4829887.063533316,6417556.804115214
강원도 강릉시 사천면,사천면,4831642.915764253,6413805.462139405
강원도 강릉시 사천면 사기막리,사기막리,4820307.553701701,6411472.8233338725
강원도 강릉시 사천면 산대월리,산대월리,4835086.510888487,6412393.854106386
강원도 강릉시 사천면 방동리,방동리,4833179.839364424,6412990.375975637
강원도 강릉시 사천면 덕실리,덕실리,4830439.77812103,6412822.879551347
강원도 강릉시 사천면 사천진리,사천진리,4834923.064364073,6414839.727047378
강원도 강릉시 사천면 판교리,판교리,4832856.618884948,6414800.881330415
강원도 강릉시 사천면 석교리,석교리,4828693.49463038,6414961.450257347
강원도 강릉시 사천면 노동리,노동리,4827304.61832979,6413131.912006215
강원도 강릉시 사천면 미노리,미노리,4832168.321871344,6413850.473256305
강원도 강릉시 옥계면,옥계면,4850432.168048965,6392001.6896235235
강원도 강릉시 옥계면 산계리,산계리,4837712.596642761,6391177.680711828
강원도 강릉시 옥계면 금진리,금진리,4850861.466716615,6394638.8182284
강원도 강릉시 옥계면 낙풍리,낙풍리,4847921.481156937,6393504.8868409945
강원도 강릉시 옥계면 북동리,북동리,4839503.138737982,6394555.832903915
강원도 강릉시 옥계면 남양리,남양리,4846541.08374909,6388568.176316705
강원도 강릉시 옥계면 조산리,조산리,4852501.678187234,6392570.966850782
강원도 강릉시 옥계면 도직리,도직리,4853514.953341059,6390913.8404401215
강원도 강릉시 옥계면 주수리,주수리,4852264.652111298,6391903.006773708
강원도 강릉시 옥계면 천남리,천남리,4850645.0588020915,6390942.162037114
강원도 강릉시 옥계면 현내리,현내리,4848686.101731239,6391906.0010410035
강원도 강릉시 강동면,강동면,4842782.770173268,6403555.629588869
강원도 강릉시 강동면 언별리,언별리,4836703.19061571,6399035.853368106
강원도 강릉시 강동면 산성우리,산성우리,4847617.9171076175,6397126.415268417
강원도 강릉시 강동면 심곡리,심곡리,4852672.8769172635,6396552.296215512
강원도 강릉시 강동면 정동진리,정동진리,4849842.21508724,6399310.677610706
강원도 강릉시 강동면 하시동리,하시동리,4844054.8782609375,6404402.171476518
강원도 강릉시 강동면 임곡리,임곡리,4842110.165944324,6398520.510416587
강원도 강릉시 강동면 안인진리,안인진리,4847101.97231439,6402723.177630674
강원도 강릉시 강동면 안인리,안인리,4845578.65240557,6403294.114788709
강원도 강릉시 강동면 모전리,모전리,4844801.771749861,6401621.088093353
강원도 강릉시 강동면 상시동리,상시동리,4842463.07751282,6403424.762092904
강원도 강릉시 구정면,구정면,4832741.106220117,6404417.05843722
강원도 강릉시 구정면 제비리,제비리,4829502.767385349,6404623.481911951
강원도 강릉시 구정면 덕현리,덕현리,4837976.684660805,6403660.622931044
강원도 강릉시 구정면 어단리,어단리,4833543.445241769,6400639.949104825
강원도 강릉시 구정면 금광리,금광리,4837000.2474968955,6402898.937604285
강원도 강릉시 구정면 구정리,구정리,4830415.706622848,6402664.55613301
강원도 강릉시 구정면 학산리,학산리,4833714.958138093,6402832.225998433
강원도 강릉시 구정면 여찬리,여찬리,4832235.007406557,6404763.539049673
강원도 강릉시 왕산면,왕산면,4825895.501444465,6401592.250969701
강원도 강릉시 왕산면 대기리,대기리,4812709.7004449135,6396471.796569557
강원도 강릉시 왕산면 송현리,송현리,4823092.41659591,6392522.658300635
강원도 강릉시 왕산면 고단리,고단리,4820001.358997557,6390537.023571588
강원도 강릉시 왕산면 왕산리,왕산리,4817585.011308431,6401661.862839813
강원도 강릉시 왕산면 목계리,목계리,4827629.212453241,6396503.931359356
강원도 강릉시 왕산면 도마리,도마리,4825534.661106512,6400445.702253167
강원도 강릉시 성산면,성산면,4826460.259955462,6405515.350801982
강원도 강릉시 성산면 산북리,산북리,4826554.072162204,6404056.9212389095
강원도 강릉시 성산면 오봉리,오봉리,4823425.6750572715,6404673.654182724
강원도 강릉시 성산면 어흘리,어흘리,4819470.045307039,6405922.977138594
강원도 강릉시 성산면 보광리,보광리,4820782.87164007,6408773.94495263
강원도 강릉시 성산면 송암리,송암리,4827936.09246826,6410340.268607862
강원도 강릉시 성산면 위촌리,위촌리,4828171.910898528,6408737.974450505
강원도 강릉시 성산면 금산리,금산리,4829539.168621219,6406839.169096938
강원도 강릉시 성산면 관음리,관음리,4826305.572480801,6407121.0198401
강원도 강릉시 성산면 구산리,구산리,4825724.34816148,6405891.761648086
강원도 강릉시 주문진읍,주문진읍,4830305.844141085,6420179.480733115
강원도 강릉시 주문진읍 향호리,향호리,4825550.590218363,6421373.85099301
강원도 강릉시 주문진읍 삼교리,삼교리,4815784.597712203,6421881.262980524
강원도 강릉시 주문진읍 장덕리,장덕리,4823010.340244777,6420587.710136567
강원도 강릉시 주문진읍 교항리,교항리,4829205.59800159,6418922.561427236
강원도 강릉시 주문진읍 주문리,주문리,4830299.854806381,6420417.19645025
강원도 원주시 가현동,가현동,4700332.313156422,6397837.662192178
강원도 원주시 반곡동,반곡동,4707393.549188885,6391625.786786632
강원도 원주시 관설동,관설동,4705714.283008814,6390347.721077552
강원도 원주시 태장동,태장동,4703235.874752159,6394731.262764925
강원도 원주시 명륜동,명륜동,4702581.272768286,6393674.965408007
강원도 원주시 인동,인동,4702861.668335529,6394031.243375399
강원도 원주시 원동,원동,4701848.044637783,6394032.682705472
강원도 원주시 평원동,평원동,4702818.518409484,6394383.362906967
강원도 원주시 반곡관설동,반곡관설동,4704899.060892503,6392362.79375983
강원도 원주시 무실동,무실동,4699459.212138212,6393911.593290509
강원도 원주시 행구동,행구동,4706476.622885412,6393172.775759822
강원도 원주시 봉산동,봉산동,4703227.1038864935,6394092.3115390595
강원도 원주시 태장2동,태장2동,4703618.767644303,6396907.295323248
강원도 원주시 태장1동,태장1동,4703235.874752159,6394731.262764925
강원도 원주시 우산동,우산동,4701782.308638295,6396286.588489589
강원도 원주시 단계동,단계동,4700533.384329253,6394928.920156283
강원도 원주시 학성동,학성동,4701783.310837167,6394808.287251962
강원도 원주시 일산동,일산동,4701413.480540495,6394552.429899123
강원도 원주시 단구동,단구동,4703026.017756264,6392356.290245494
강원도 원주시 명륜2동,명륜2동,4701125.864369639,6393110.424442761
강원도 원주시 명륜1동,명륜1동,4702581.272768286,6393674.965408007
강원도 원주시 개운동,개운동,4703460.015931632,6393539.580293886
강원도 원주시 원인동,원인동,4701881.99027944,6394146.676041796
강원도 원주시 중앙동,중앙동,4702183.297843226,6394695.139775315
강원도 원주시 신림면,신림면,4715292.333211213,6382483.018185329
강원도 원주시 신림면 송계리,송계리,4731663.213676445,6383603.510135492
강원도 원주시 신림면 황둔리,황둔리,4726865.558758546,6382554.139818905
강원도 원주시 신림면 성남리,성남리,4718916.644427797,6384546.729752602
강원도 원주시 신림면 용암리,용암리,4715852.045209581,6380689.461903668
강원도 원주시 신림면 구학리,구학리,4711249.283730264,6381306.2735507125
강원도 원주시 신림면 금창리,금창리,4712478.894773194,6384984.702994859
강원도 원주시 신림면 신림리,신림리,4714769.265697857,6382356.537770003
강원도 원주시 판부면,판부면,4703575.394356378,6391655.505911647
강원도 원주시 판부면 신촌리,신촌리,4703621.230635107,6388364.071098222
강원도 원주시 판부면 서곡리,서곡리,4700033.190094102,6389229.3211538065
강원도 원주시 판부면 금대리,금대리,4708874.078509848,6388238.936327373
강원도 원주시 흥업면,흥업면,4697417.606011136,6391305.445558357
강원도 원주시 흥업면 대안리,대안리,4691607.451816345,6390764.725265841
강원도 원주시 흥업면 사제리,사제리,4693815.689383858,6394068.55821587
강원도 원주시 흥업면 매지리,매지리,4694543.365681847,6388174.482321759
강원도 원주시 흥업면 흥업리,흥업리,4696637.245976153,6391089.952698299
강원도 원주시 귀래면,귀래면,4688975.934854572,6381760.744431709
강원도 원주시 귀래면 용암리,용암리,4683704.943141027,6383025.846074888
강원도 원주시 귀래면 주포리,주포리,4686815.3271221025,6382545.864667825
강원도 원주시 귀래면 운계리,운계리,4689872.214366516,6383834.760278087
강원도 원주시 귀래면 귀래리,귀래리,4689680.3632811215,6385810.834118398
강원도 원주시 귀래면 운남리,운남리,4693861.942646984,6382113.386576799
강원도 원주시 부론면,부론면,4673257.047972103,6387316.375646607
강원도 원주시 부론면 단강리,단강리,4679147.54877651,6383398.726808385
강원도 원주시 부론면 노림리,노림리,4678336.5931933895,6390785.70789935
강원도 원주시 부론면 흥호리,흥호리,4675324.3438879615,6389242.220430203
강원도 원주시 부론면 정산리,정산리,4675555.811205218,6384683.514583589
강원도 원주시 부론면 손곡리,손곡리,4680729.0008331835,6387499.180940955
강원도 원주시 부론면 법천리,법천리,4675143.822264299,6386814.975697107
강원도 원주시 지정면,지정면,4688942.118742145,6397498.130923512
강원도 원주시 지정면 보통리,보통리,4693662.679631149,6395778.705762738
강원도 원주시 지정면 월송리,월송리,4689608.101673347,6400895.000154381
강원도 원주시 지정면 신평리,신평리,4696144.29297415,6397542.392876223
강원도 원주시 지정면 판대리,판대리,4683346.870042568,6399837.4859508015
강원도 원주시 지정면 가곡리,가곡리,4692853.186439683,6397425.627815611
강원도 원주시 지정면 안창리,안창리,4681849.42799478,6398243.0176455965
강원도 원주시 지정면 간현리,간현리,4688836.396392738,6397612.943536
강원도 원주시 호저면,호저면,4701098.309112622,6399643.610743088
강원도 원주시 호저면 매호리,매호리,4695710.947310707,6400959.613114972
강원도 원주시 호저면 산현리,산현리,4697583.269630874,6401593.196271828
강원도 원주시 호저면 용곡리,용곡리,4697471.659253812,6403943.092467692
강원도 원주시 호저면 무장리,무장리,4697436.114113272,6400177.103447503
강원도 원주시 호저면 옥산리,옥산리,4701421.836716323,6401795.467676654
강원도 원주시 호저면 만종리,만종리,4697359.85004195,6395934.364332723
강원도 원주시 호저면 광격리,광격리,4703606.180329657,6403625.269450473
강원도 원주시 호저면 대덕리,대덕리,4703419.656824505,6401177.041061695
강원도 원주시 호저면 고산리,고산리,4701829.080774364,6404673.62401387
강원도 원주시 호저면 주산리,주산리,4700716.856249775,6399571.35648762
강원도 원주시 소초면,소초면,4710988.367736276,6398692.286591399
강원도 원주시 소초면 학곡리,학곡리,4718303.61274228,6399020.296795829
강원도 원주시 소초면 둔둔리,둔둔리,4708927.070997343,6401431.28053436
강원도 원주시 소초면 교항리,교항리,4713073.683347656,6399947.457121063
강원도 원주시 소초면 수암리,수암리,4710050.926577624,6397159.692197389
강원도 원주시 소초면 흥양리,흥양리,4710233.051511299,6395326.261815489
강원도 원주시 소초면 장양리,장양리,4704923.127070815,6399034.490068128
강원도 원주시 소초면 의관리,의관리,4707764.998399583,6400505.523484667
강원도 원주시 소초면 평장리,평장리,4711631.300828246,6398435.202392823
강원도 원주시 문막읍,문막읍,4684637.105122511,6394105.715883326
강원도 원주시 문막읍 대둔리,대둔리,4677551.030774079,6391923.129304002
강원도 원주시 문막읍 반계리,반계리,4680101.228765676,6393994.171004174
강원도 원주시 문막읍 포진리,포진리,4684442.654361599,6392510.75494607
강원도 원주시 문막읍 후용리,후용리,4681013.602959854,6391105.915863995
강원도 원주시 문막읍 건등리,건등리,4686248.20642548,6393196.710057794
강원도 원주시 문막읍 궁촌리,궁촌리,4685371.7535666935,6390433.869255279
강원도 원주시 문막읍 취병리,취병리,4681298.01684378,6396182.7224412095
강원도 원주시 문막읍 비두리,비두리,4686240.537348681,6387945.381288925
강원도 원주시 문막읍 동화리,동화리,4688654.025056536,6394330.655462697
강원도 원주시 문막읍 문막리,문막리,4685076.080065987,6393721.406708084
강원도 춘천시 중도동,중도동,4685805.482499053,6440840.987100283
강원도 춘천시 신동,신동,4690104.144699715,6443611.25642871
강원도 춘천시 송암동,송암동,4683371.811673758,6438473.263891902
강원도 춘천시 칠전동,칠전동,4684032.688723975,6437349.1697463365
강원도 춘천시 삼천동,삼천동,4684284.527016753,6439140.150641369
강원도 춘천시 온의동,온의동,4686801.851102911,6438104.211328914
강원도 춘천시 후평동,후평동,4691328.902040967,6439760.5854359735
강원도 춘천시 사농동,사농동,4689128.791735662,6442448.598408426
강원도 춘천시 우두동,우두동,4691137.654595571,6441627.037151961
강원도 춘천시 소양로4가,소양로4가,4687951.622228414,6439547.790788224
강원도 춘천시 소양로3가,소양로3가,4688426.088688209,6439793.066199791
강원도 춘천시 소양로2가,소양로2가,4688740.773898067,6440140.451497749
강원도 춘천시 소양로1가,소양로1가,4689507.537399581,6440461.959961873
강원도 춘천시 효자동,효자동,4688713.475895116,6438977.938990946
강원도 춘천시 약사동,약사동,4688371.298153139,6439201.963663112
강원도 춘천시 운교동,운교동,4689446.281744509,6439265.436660549
강원도 춘천시 죽림동,죽림동,4688754.078109821,6439399.564092185
강원도 춘천시 조양동,조양동,4689258.819852382,6439524.259935505
강원도 춘천시 옥천동,옥천동,4689647.062591474,6439832.182480012
강원도 춘천시 중앙로3가,중앙로3가,4688062.320258854,6439334.813951261
강원도 춘천시 중앙로2가,중앙로2가,4688688.088141523,6439532.780259405
강원도 춘천시 중앙로1가,중앙로1가,4689177.105745648,6439754.182456261
강원도 춘천시 낙원동,낙원동,4688475.764278361,6439574.374996238
강원도 춘천시 요선동,요선동,4688992.890365339,6439809.3293032525
강원도 춘천시 봉의동,봉의동,4689368.641630624,6440010.875052261
강원도 춘천시 신사우동,신사우동,4689633.1646908745,6441589.688322688
강원도 춘천시 강남동,강남동,4687515.853237097,6438788.546548755
강원도 춘천시 퇴계동,퇴계동,4688331.472598035,6438407.955305786
강원도 춘천시 석사동,석사동,4690219.348152581,6437677.33742906
강원도 춘천시 효자3동,효자3동,4690560.889381437,6439079.162615145
강원도 춘천시 효자2동,효자2동,4689832.036696667,6438849.870281138
강원도 춘천시 효자1동,효자1동,4688713.475895116,6438977.938990946
강원도 춘천시 후평3동,후평3동,4692138.591032785,6438887.4070098065
강원도 춘천시 후평2동,후평2동,4691737.383306518,6439016.866698309
강원도 춘천시 후평1동,후평1동,4691328.902040967,6439760.5854359735
강원도 춘천시 소양동,소양동,4688625.2922462635,6439808.585908653
강원도 춘천시 근화동,근화동,4686989.372126089,6439884.685552969
강원도 춘천시 약사명동,약사명동,4688481.805147132,6439363.409935968
강원도 춘천시 조운동,조운동,4689246.334119899,6439497.345035821
강원도 춘천시 교동,교동,4690022.228382917,6439492.888779428
강원도 춘천시 남산면,남산면,4676347.184390712,6434105.098083069
강원도 춘천시 남산면 산수리,산수리,4677033.926409651,6427761.995268278
강원도 춘천시 남산면 방하리,방하리,4663522.000937017,6434991.602680558
강원도 춘천시 남산면 백양리,백양리,4667871.57798944,6436622.267281232
강원도 춘천시 남산면 서천리,서천리,4664495.934863278,6439193.132167409
강원도 춘천시 남산면 강촌리,강촌리,4675317.744147892,6435926.099532937
강원도 춘천시 남산면 방곡리,방곡리,4675980.539574176,6434423.962918547
강원도 춘천시 남산면 창촌리,창촌리,4673958.391879429,6433270.58674788
강원도 춘천시 남산면 수동리,수동리,4680146.498988647,6432083.557346031
강원도 춘천시 남산면 행촌리,행촌리,4679261.8918382535,6429878.2608227525
강원도 춘천시 남산면 광판리,광판리,4682206.114538961,6428433.803402841
강원도 춘천시 동내면,동내면,4692307.749144586,6436540.409976318
강원도 춘천시 동내면 학곡리,학곡리,4691726.521833685,6435432.451743679
강원도 춘천시 동내면 사암리,사암리,4693156.558455214,6435123.082184184
강원도 춘천시 동내면 고은리,고은리,4694622.296439157,6436327.957815887
강원도 춘천시 동내면 신촌리,신촌리,4692479.122351467,6436593.5138545325
강원도 춘천시 동내면 거두리,거두리,4695969.647592029,6437151.930809768
강원도 춘천시 북산면,북산면,4711781.267193382,6445336.795208158
강원도 춘천시 북산면 추전리,추전리,4715065.121139736,6445684.720028021
강원도 춘천시 북산면 대곡리,대곡리,4721571.671236383,6446095.950826478
강원도 춘천시 북산면 대동리,대동리,4720666.62677002,6443129.58272753
강원도 춘천시 북산면 조교리,조교리,4718354.119555492,6439144.265625846
강원도 춘천시 북산면 물로리,물로리,4715944.1188452,6438204.454339896
강원도 춘천시 북산면 오항리,오항리,4712110.3006817,6445188.3287468795
강원도 춘천시 북산면 추곡리,추곡리,4712240.277894334,6448358.54192532
강원도 춘천시 북산면 부귀리,부귀리,4707356.956048863,6444592.66411988
강원도 춘천시 북산면 청평리,청평리,4702723.196280313,6445905.696031127
강원도 춘천시 북산면 내평리,내평리,4711067.040187854,6443567.046670274
강원도 춘천시 사북면,사북면,4681828.667708627,6452554.274203644
강원도 춘천시 사북면 인람리,인람리,4683113.808496226,6449107.717791724
강원도 춘천시 사북면 송암리,송암리,4687075.520556253,6449557.6290652845
강원도 춘천시 사북면 고성리,고성리,4694208.056386215,6449222.375832693
강원도 춘천시 사북면 고탄리,고탄리,4688784.113753972,6448410.005450231
강원도 춘천시 사북면 지암리,지암리,4674526.978732972,6449250.93328672
강원도 춘천시 사북면 원평리,원평리,4678672.549659822,6450939.06396626
강원도 춘천시 사북면 가일리,가일리,4687203.898371747,6451510.830429576
강원도 춘천시 사북면 오탄리,오탄리,4677515.427608791,6454606.078705434
강원도 춘천시 사북면 지촌리,지촌리,4682750.487961406,6453305.704232718
강원도 춘천시 사북면 신포리,신포리,4681970.953465296,6452234.39760036
강원도 춘천시 서면,서면,4685024.39998555,6441594.33598581
강원도 춘천시 서면 안보리,안보리,4669019.2545540845,6439943.158146864
강원도 춘천시 서면 당림리,당림리,4672585.932468312,6438400.987849225
강원도 춘천시 서면 덕두원리,덕두원리,4679230.126280667,6439757.841822612
강원도 춘천시 서면 방동리,방동리,4682021.046852204,6441824.191963301
강원도 춘천시 서면 월송리,월송리,4684799.266343911,6443461.72373455
강원도 춘천시 서면 오월리,오월리,4680391.624503664,6448206.576063761
강원도 춘천시 서면 서상리,서상리,4687293.551770385,6444694.194654462
강원도 춘천시 서면 신매리,신매리,4687208.6808997905,6444041.8448207555
강원도 춘천시 서면 금산리,금산리,4686059.542140499,6441762.025719767
강원도 춘천시 서면 현암리,현암리,4684395.1693975255,6441099.342457791
강원도 춘천시 남면,남면,4668951.640641771,6430276.109204067
강원도 춘천시 남면 한덕리,한덕리,4669670.51073381,6426201.335375075
강원도 춘천시 남면 추곡리,추곡리,4676069.259575694,6430507.928136946
강원도 춘천시 남면 후동리,후동리,4671963.685964924,6431455.35605385
강원도 춘천시 남면 발산리,발산리,4670594.839789113,6430162.591486471
강원도 춘천시 남면 가정리,가정리,4666058.90682964,6432695.05889108
강원도 춘천시 남면 박암리,박암리,4661692.789610091,6430831.82557843
강원도 춘천시 남면 관천리,관천리,4658675.126349199,6431667.767358874
강원도 춘천시 신동면,신동면,4685818.194429478,6434949.85408737
강원도 춘천시 신동면 정족리,정족리,4688541.695230818,6435729.027554839
강원도 춘천시 신동면 증리,증리,4685818.714011348,6434729.557303046
강원도 춘천시 신동면 혈동리,혈동리,4682811.104127702,6431866.616707736
강원도 춘천시 신동면 팔미리,팔미리,4683119.348082447,6435428.395485587
강원도 춘천시 신동면 의암리,의암리,4681883.394417294,6436619.943695213
강원도 춘천시 동산면,동산면,4694202.045392774,6428531.270475373
강원도 춘천시 동산면 군자리,군자리,4687069.604994169,6429736.788190333
강원도 춘천시 동산면 원창리,원창리,4693039.839970712,6432357.034586775
강원도 춘천시 동산면 봉명리,봉명리,4695344.450717682,6429620.1693731
강원도 춘천시 동산면 조양리,조양리,4694245.856296379,6428428.179651037
강원도 춘천시 동면,동면,4696465.770507743,6441058.033255187
강원도 춘천시 동면 상걸리,상걸리,4703845.868181988,6436134.057898125
강원도 춘천시 동면 평촌리,평촌리,4702570.71925047,6437831.009123497
강원도 춘천시 동면 신이리,신이리,4703760.440746122,6437978.707790908
강원도 춘천시 동면 품걸리,품걸리,4712216.873414893,6435818.042149969
강원도 춘천시 동면 품안리,품안리,4706233.517757882,6440367.57915916
강원도 춘천시 동면 월곡리,월곡리,4700493.412527554,6441685.441351371
강원도 춘천시 동면 감정리,감정리,4697196.892165656,6439816.206598734
강원도 춘천시 동면 장학리,장학리,4692933.029267989,6441151.28302348
강원도 춘천시 동면 만천리,만천리,4695269.140159329,6438636.527244982
강원도 춘천시 동면 지내리,지내리,4696279.453274673,6441990.063921867
강원도 춘천시 신북읍,신북읍,4692469.838592117,6442838.954848457
강원도 춘천시 신북읍 용산리,용산리,4688044.147637806,6445875.187610993
강원도 춘천시 신북읍 지내리,지내리,4690979.697172981,6445622.649668589
강원도 춘천시 신북읍 발산리,발산리,4695766.276286426,6445100.874318927
강원도 춘천시 신북읍 산천리,산천리,4692881.72540878,6445501.625593688
강원도 춘천시 신북읍 유포리,유포리,4698327.825563991,6445226.97510481
강원도 춘천시 신북읍 천전리,천전리,4698616.745469036,6443216.952229413
강원도 춘천시 신북읍 율문리,율문리,4693570.970256208,6443091.951326997
