서울특별시 강동구 천호동,천호동,4606492.3725206815,6423432.831603724
서울특별시 강동구 성내동,성내동,4604338.0626292275,6422565.045266748
서울특별시 강동구 암사동,암사동,4606153.415798409,6423979.736537514
서울특별시 강동구 둔촌동,둔촌동,4606822.238046981,6422485.233714248
서울특별시 강동구 고덕동,고덕동,4608629.193242508,6424122.413372784
서울특별시 강동구 명일동,명일동,4607587.290017098,6423782.630376826
서울특별시 강동구 둔촌제2동,둔촌제2동,4606812.445296169,6422480.445316499
서울특별시 강동구 둔촌제1동,둔촌제1동,4606822.238046981,6422485.233714248
서울특별시 강동구 길동,길동,4606939.228808297,6422563.704275089
서울특별시 강동구 성내제3동,성내제3동,4605505.998934306,6422075.910510452
서울특별시 강동구 성내제2동,성내제2동,4605268.607247793,6422604.338407216
서울특별시 강동구 성내제1동,성내제1동,4604338.0626292275,6422565.045266748
서울특별시 강동구 천호제3동,천호제3동,4605817.709268125,6422825.911268679
서울특별시 강동구 천호제2동,천호제2동,4605053.545255698,6423494.209589671
서울특별시 강동구 천호제1동,천호제1동,4606492.3725206815,6423432.831603724
서울특별시 강동구 암사제3동,암사제3동,4607250.011892111,6424115.821395327
서울특별시 강동구 암사제2동,암사제2동,4605488.238525146,6424080.182785941
서울특별시 강동구 암사제1동,암사제1동,4606153.415798409,6423979.736537514
서울특별시 강동구 고덕제2동,고덕제2동,4610293.151932035,6424169.384343381
서울특별시 강동구 고덕제1동,고덕제1동,4608629.193242508,6424122.413372784
서울특별시 강동구 명일제2동,명일제2동,4608317.795965808,6423312.363903197
서울특별시 강동구 명일제1동,명일제1동,4607587.290017098,6423782.630376826
서울특별시 강동구 상일동,상일동,4610518.3012939105,6423368.239530368
서울특별시 강동구 강일동,강일동,4611589.48714993,6424358.19939971
서울특별시 송파구 마천동,마천동,4606815.0795826,6419577.810237612
서울특별시 송파구 거여동,거여동,4606010.924544561,6419752.237116059
서울특별시 송파구 방이동,방이동,4604006.6866897885,6421089.172601986
서울특별시 송파구 문정동,문정동,4603484.388616477,6419534.033989907
서울특별시 송파구 가락동,가락동,4603336.070363466,6419977.004028544
서울특별시 송파구 송파동,송파동,4602089.704716557,6420963.712921316
서울특별시 송파구 풍납동,풍납동,4604496.872329945,6423140.255573472
서울특별시 송파구 신천동,신천동,4601278.094988092,6422434.419337847
서울특별시 송파구 잠실동,잠실동,4599013.763772178,6421331.238512934
서울특별시 송파구 잠실7동,잠실7동,4598194.790569001,6421631.813932758
서울특별시 송파구 잠실6동,잠실6동,4601335.904193518,6421979.673383555
서울특별시 송파구 잠실4동,잠실4동,4602815.872908573,6421949.885455425
서울특별시 송파구 잠실3동,잠실3동,4600437.794964689,6421717.022142226
서울특별시 송파구 잠실2동,잠실2동,4599686.714327413,6421702.086162827
서울특별시 송파구 잠실본동,잠실본동,4599013.763772178,6421331.238512934
서울특별시 송파구 위례동,위례동,4605677.269252686,6418563.925167032
서울특별시 송파구 장지동,장지동,4604556.307257337,6418497.403507196
서울특별시 송파구 문정2동,문정2동,4601834.854087266,6419718.383769663
서울특별시 송파구 문정1동,문정1동,4603484.388616477,6419534.033989907
서울특별시 송파구 가락2동,가락2동,4604020.249491789,6420136.551002447
서울특별시 송파구 가락1동,가락1동,4601895.526019865,6420228.809316089
서울특별시 송파구 가락본동,가락본동,4603336.070363466,6419977.004028544
서울특별시 송파구 삼전동,삼전동,4599931.101877681,6420955.439839098
서울특별시 송파구 석촌동,석촌동,4601326.032913547,6420851.106878922
서울특별시 송파구 송파2동,송파2동,4602898.069930344,6420557.05383837
서울특별시 송파구 송파1동,송파1동,4602089.704716557,6420963.712921316
서울특별시 송파구 오금동,오금동,4604317.3421805175,6420437.664746342
서울특별시 송파구 오륜동,오륜동,4605401.815576508,6421265.226546447
서울특별시 송파구 방이2동,방이2동,4602623.123666372,6421688.978157682
서울특별시 송파구 방이1동,방이1동,4604006.6866897885,6421089.172601986
서울특별시 송파구 마천2동,마천2동,4606658.302999099,6419661.9970505275
서울특별시 송파구 마천1동,마천1동,4606815.0795826,6419577.810237612
서울특별시 송파구 거여2동,거여2동,4606369.264140179,6419443.775793642
서울특별시 송파구 거여1동,거여1동,4606010.924544561,6419752.237116059
서울특별시 송파구 풍납2동,풍납2동,4603488.103306617,6422577.919361631
서울특별시 송파구 풍납1동,풍납1동,4604496.872329945,6423140.255573472
서울특별시 강남구 도곡동,도곡동,4592981.721812705,6420688.286725538
서울특별시 강남구 일원동,일원동,4599081.658390425,6420216.660028394
서울특별시 강남구 율현동,율현동,4601425.579837754,6418361.3103569
서울특별시 강남구 자곡동,자곡동,4599984.660983858,6418812.619209559
서울특별시 강남구 논현동,논현동,4592301.2288181875,6422574.714430776
서울특별시 강남구 대치동,대치동,4595280.583807066,6420789.1470838925
서울특별시 강남구 삼성동,삼성동,4596556.528118317,6422279.122443566
서울특별시 강남구 개포동,개포동,4594885.845799664,6420029.340430558
서울특별시 강남구 역삼동,역삼동,4592478.090228828,6421310.003991412
서울특별시 강남구 수서동,수서동,4601088.148885641,6419741.014769416
서울특별시 강남구 일원2동,일원2동,4597343.019054645,6420459.765424609
서울특별시 강남구 일원1동,일원1동,4599081.658390425,6420216.660028394
서울특별시 강남구 일원본동,일원본동,4598672.509356077,6419608.674596375
서울특별시 강남구 세곡동,세곡동,4600365.131592015,6417924.506651484
서울특별시 강남구 개포4동,개포4동,4594279.267054254,6419800.360558692
서울특별시 강남구 개포2동,개포2동,4596693.221119623,6420351.351320165
서울특별시 강남구 개포1동,개포1동,4594885.845799664,6420029.340430558
서울특별시 강남구 도곡2동,도곡2동,4593771.412003506,6420243.809719855
서울특별시 강남구 도곡1동,도곡1동,4592981.721812705,6420688.286725538
서울특별시 강남구 역삼2동,역삼2동,4594139.59245948,6421144.493147597
서울특별시 강남구 역삼1동,역삼1동,4592478.090228828,6421310.003991412
서울특별시 강남구 대치4동,대치4동,4595601.994241266,6421257.563552078
서울특별시 강남구 대치2동,대치2동,4596441.538932619,6421351.603756626
서울특별시 강남구 대치1동,대치1동,4595280.583807066,6420789.1470838925
서울특별시 강남구 삼성2동,삼성2동,4594436.3593658265,6422286.708931123
서울특별시 강남구 삼성1동,삼성1동,4596556.528118317,6422279.122443566
서울특별시 강남구 청담동,청담동,4595212.024106806,6423268.353728623
서울특별시 강남구 압구정동,압구정동,4593078.024285043,6423954.514567172
서울특별시 강남구 논현2동,논현2동,4593526.187072935,6422872.295295591
서울특별시 강남구 논현1동,논현1동,4592301.2288181875,6422574.714430776
서울특별시 강남구 신사동,신사동,4591931.45524951,6423580.408591899
서울특별시 서초구 신원동,신원동,4594904.419626838,6417088.916013297
서울특별시 서초구 염곡동,염곡동,4594159.518443804,6418516.07082559
서울특별시 서초구 서초동,서초동,4590639.291305598,6421119.397010589
서울특별시 서초구 반포동,반포동,4586815.108023356,6422381.079796019
서울특별시 서초구 원지동,원지동,4592892.539728763,6417370.143546744
서울특별시 서초구 우면동,우면동,4589683.101234857,6419373.604930648
서울특별시 서초구 양재동,양재동,4592608.063897976,6419331.567957908
서울특별시 서초구 방배동,방배동,4586982.428627983,6421872.946937645
서울특별시 서초구 내곡동,내곡동,4594315.888076335,6417515.216693761
서울특별시 서초구 양재2동,양재2동,4592780.642512331,6419349.007050885
서울특별시 서초구 양재1동,양재1동,4591038.105597887,6419643.3759018
서울특별시 서초구 방배4동,방배4동,4587281.881271422,6421440.754128331
서울특별시 서초구 방배3동,방배3동,4587941.1445628535,6420546.140306362
서울특별시 서초구 방배2동,방배2동,4586202.909752423,6420857.296760769
서울특별시 서초구 방배1동,방배1동,4587403.259588127,6420984.557480097
서울특별시 서초구 방배본동,방배본동,4586982.428627983,6421872.946937645
서울특별시 서초구 반포4동,반포4동,4588489.191382358,6421944.456051716
서울특별시 서초구 반포3동,반포3동,4589516.5228735395,6422951.477865347
서울특별시 서초구 반포2동,반포2동,4587957.8837653715,6422561.486018885
서울특별시 서초구 반포1동,반포1동,4590297.96718318,6422316.709564097
서울특별시 서초구 반포본동,반포본동,4586815.108023356,6422381.079796019
서울특별시 서초구 잠원동,잠원동,4590627.063122619,6423039.050859995
서울특별시 서초구 서초4동,서초4동,4591294.57439912,6422009.050397074
서울특별시 서초구 서초3동,서초3동,4589546.085074602,6420754.374546967
서울특별시 서초구 서초2동,서초2동,4591359.0584677905,6421183.289714562
서울특별시 서초구 서초1동,서초1동,4590639.291305598,6421119.397010589
서울특별시 관악구 봉천동,봉천동,4582235.823029609,6421198.169838863
서울특별시 관악구 난곡동,난곡동,4578165.535697449,6421147.653615404
서울특별시 관악구 미성동,미성동,4577557.618395792,6421619.950065023
서울특별시 관악구 삼성동,삼성동,4579524.554134829,6420919.084744234
서울특별시 관악구 대학동,대학동,4580030.082933005,6420897.997997436
서울특별시 관악구 조원동,조원동,4576787.795091238,6422206.188853056
서울특별시 관악구 난향동,난향동,4577572.384009884,6420486.957165611
서울특별시 관악구 신림동,신림동,4579259.393429389,6422280.793795888
서울특별시 관악구 신사동,신사동,4578191.620204328,6422066.750967242
서울특별시 관악구 서림동,서림동,4579901.808824234,6421249.832629355
서울특별시 관악구 신원동,신원동,4579140.36346291,6421846.870278654
서울특별시 관악구 서원동,서원동,4579574.11016825,6421652.867369264
서울특별시 관악구 남현동,남현동,4585126.921977097,6420586.4964993065
서울특별시 관악구 인헌동,인헌동,4583603.652964894,6420813.322528008
서울특별시 관악구 중앙동,중앙동,4581943.071030288,6421717.45313398
서울특별시 관악구 은천동,은천동,4581080.011541033,6421901.247922971
서울특별시 관악구 청룡동,청룡동,4580823.152299302,6421457.260704937
서울특별시 관악구 낙성대동,낙성대동,4582794.6013044305,6421003.008678574
서울특별시 관악구 행운동,행운동,4582744.88389733,6421344.092908632
서울특별시 관악구 성현동,성현동,4581887.511405186,6422129.709752386
서울특별시 관악구 청림동,청림동,4583225.530764405,6422146.262782207
서울특별시 관악구 보라매동,보라매동,4579970.259274848,6422251.475573892
서울특별시 동작구 신대방동,신대방동,4577219.628579881,6422639.063199052
서울특별시 동작구 사당동,사당동,4585452.969315253,6421203.655955318
서울특별시 동작구 동작동,동작동,4585286.755289806,6422466.204575668
서울특별시 동작구 본동,본동,4583159.327501655,6423737.9902558215
서울특별시 동작구 상도1동,상도1동,4582718.547691575,6422688.801032659
서울특별시 동작구 상도동,상도동,4582718.547691575,6422688.801032659
서울특별시 동작구 노량진동,노량진동,4581735.579355184,6423897.667147337
서울특별시 동작구 신대방제2동,신대방제2동,4579221.661582947,6423130.750162163
서울특별시 동작구 신대방제1동,신대방제1동,4577219.628579881,6422639.063199052
서울특별시 동작구 대방동,대방동,4579711.900780212,6423816.491529804
서울특별시 동작구 사당제5동,사당제5동,4584079.724563658,6421575.968992747
서울특별시 동작구 사당제4동,사당제4동,4584542.277143181,6421153.669779986
서울특별시 동작구 사당제3동,사당제3동,4584857.91692327,6421387.870196903
서울특별시 동작구 사당제2동,사당제2동,4585674.360328609,6421613.549121794
서울특별시 동작구 사당제1동,사당제1동,4585452.969315253,6421203.655955318
서울특별시 동작구 흑석동,흑석동,4584575.97880169,6423064.070116059
서울특별시 동작구 상도제4동,상도제4동,4581326.564510624,6422956.080146783
서울특별시 동작구 상도제3동,상도제3동,4580090.985139097,6423079.161329975
서울특별시 동작구 상도제2동,상도제2동,4581592.879474437,6423393.04874339
서울특별시 동작구 노량진제2동,노량진제2동,4581066.512762843,6423685.105929548
서울특별시 동작구 노량진제1동,노량진제1동,4581735.579355184,6423897.667147337
서울특별시 영등포구 양평동,양평동,4575890.074980667,6426606.378948203
서울특별시 영등포구 대림동,대림동,4576873.274273894,6423180.21114438
서울특별시 영등포구 신길동,신길동,4579192.19060695,6424118.292142699
서울특별시 영등포구 양화동,양화동,4576119.035053022,6427353.460600737
서울특별시 영등포구 양평동6가,양평동6가,4576127.982553038,6426822.88009164
서울특별시 영등포구 양평동5가,양평동5가,4576378.492495493,6426573.092900661
서울특별시 영등포구 양평동4가,양평동4가,4576743.4747188315,6426327.763347546
서울특별시 영등포구 양평동3가,양평동3가,4576049.389764475,6425891.530506702
서울특별시 영등포구 양평동2가,양평동2가,4574874.178556829,6425528.100351402
서울특별시 영등포구 양평동1가,양평동1가,4575492.596837255,6425466.31597552
서울특별시 영등포구 문래동6가,문래동6가,4574911.575924359,6425296.670749515
서울특별시 영등포구 문래동5가,문래동5가,4574856.549240252,6424996.927998257
서울특별시 영등포구 문래동4가,문래동4가,4575423.621270017,6424812.106141028
서울특별시 영등포구 문래동3가,문래동3가,4576154.532403585,6424914.94647789
서울특별시 영등포구 문래동2가,문래동2가,4575742.252454869,6424625.552961377
서울특별시 영등포구 문래동1가,문래동1가,4576243.005951692,6424542.731432374
서울특별시 영등포구 당산동,당산동,4577977.395445524,6426057.699697155
서울특별시 영등포구 당산동6가,당산동6가,4577484.22570764,6426138.160482423
서울특별시 영등포구 당산동5가,당산동5가,4577230.938197897,6425960.786425192
서울특별시 영등포구 당산동4가,당산동4가,4576925.431438748,6425743.564520637
서울특별시 영등포구 당산동3가,당산동3가,4576605.874633424,6425558.667692824
서울특별시 영등포구 당산동2가,당산동2가,4576084.967189546,6425343.685460096
서울특별시 영등포구 당산동1가,당산동1가,4576660.006144179,6425207.634031039
서울특별시 영등포구 여의도동,여의도동,4580613.62918111,6425259.482348445
서울특별시 영등포구 영등포동8가,영등포동8가,4577680.244061824,6425647.840402284
서울특별시 영등포구 영등포동7가,영등포동7가,4577765.854601259,6425277.601917479
서울특별시 영등포구 영등포동6가,영등포동6가,4577234.075437614,6425140.536944822
서울특별시 영등포구 영등포동5가,영등포동5가,4577636.413258668,6425055.1379796695
서울특별시 영등포구 영등포동4가,영등포동4가,4577192.402748824,6424869.5370277725
서울특별시 영등포구 영등포동3가,영등포동3가,4577751.257581754,6424804.060759673
서울특별시 영등포구 영등포동2가,영등포동2가,4578251.691293357,6424960.053957452
서울특별시 영등포구 영등포동1가,영등포동1가,4578307.464265225,6424708.711508737
서울특별시 영등포구 대림제3동,대림제3동,4575997.301426509,6423503.004870738
서울특별시 영등포구 대림제2동,대림제2동,4575883.7604068555,6423088.691409822
서울특별시 영등포구 대림제1동,대림제1동,4576873.274273894,6423180.21114438
서울특별시 영등포구 신길제7동,신길제7동,4579070.757313637,6423758.605923586
서울특별시 영등포구 신길제6동,신길제6동,4578616.696013054,6423209.459831005
서울특별시 영등포구 신길제5동,신길제5동,4576966.497579191,6423640.537698488
서울특별시 영등포구 신길제4동,신길제4동,4577880.041188719,6424057.205167823
서울특별시 영등포구 신길제3동,신길제3동,4577416.821495036,6424023.128107998
서울특별시 영등포구 신길제1동,신길제1동,4579192.19060695,6424118.292142699
서울특별시 영등포구 양평제2동,양평제2동,4576490.5960011,6426366.633471703
서울특별시 영등포구 양평제1동,양평제1동,4575460.074732851,6425504.552959219
서울특별시 영등포구 문래동,문래동,4576660.671415911,6424861.738267354
서울특별시 영등포구 도림동,도림동,4576033.35891946,6424352.14188156
서울특별시 영등포구 당산제2동,당산제2동,4576762.039636448,6425919.510508141
서울특별시 영등포구 당산제1동,당산제1동,4576618.283970047,6425470.224928963
서울특별시 영등포구 여의동,여의동,4580968.497821803,6424404.327239094
서울특별시 영등포구 영등포동,영등포동,4578118.067476559,6424944.9357425235
서울특별시 영등포구 영등포본동,영등포본동,4577799.875974625,6424544.046461942
서울특별시 금천구 시흥동,시흥동,4575463.816172404,6420133.932907176
서울특별시 금천구 독산동,독산동,4575142.639600535,6421452.063952785
서울특별시 금천구 시흥제5동,시흥제5동,4576047.551811265,6419976.081595976
서울특별시 금천구 시흥제4동,시흥제4동,4575965.381778741,6420494.744965805
서울특별시 금천구 시흥제3동,시흥제3동,4575424.918066435,6419124.413729253
서울특별시 금천구 시흥제2동,시흥제2동,4576771.017332718,6419671.535930409
서울특별시 금천구 시흥제1동,시흥제1동,4575463.816172404,6420133.932907176
서울특별시 금천구 독산제4동,독산제4동,4575702.375579869,6421178.7583505325
서울특별시 금천구 독산제3동,독산제3동,4576028.260296885,6421720.562491759
서울특별시 금천구 독산제2동,독산제2동,4575742.715354427,6420836.929717739
서울특별시 금천구 독산제1동,독산제1동,4575142.639600535,6421452.063952785
서울특별시 금천구 가산동,가산동,4574669.246305231,6422018.50946608
서울특별시 구로구 항동,항동,4566422.488513199,6423233.751522384
서울특별시 구로구 천왕동,천왕동,4568370.052296121,6422981.461026252
서울특별시 구로구 온수동,온수동,4566450.106471553,6424268.525014462
서울특별시 구로구 궁동,궁동,4567486.777633086,6424690.238243576
서울특별시 구로구 오류동,오류동,4569518.418071308,6424158.368915134
서울특별시 구로구 개봉동,개봉동,4570326.874895822,6424318.275430323
서울특별시 구로구 고척동,고척동,4571761.155683994,6424161.566448185
서울특별시 구로구 구로동,구로동,4573141.345527982,6423433.068900805
서울특별시 구로구 수궁동,수궁동,4567764.746095663,6424127.500431575
서울특별시 구로구 오류제2동,오류제2동,4568615.002803715,6423636.758028977
서울특별시 구로구 오류제1동,오류제1동,4569518.418071308,6424158.368915134
서울특별시 구로구 개봉제3동,개봉제3동,4570284.789980714,6423227.984118357
서울특별시 구로구 개봉제2동,개봉제2동,4571459.519261543,6423589.541113163
서울특별시 구로구 개봉제1동,개봉제1동,4570326.874895822,6424318.275430323
서울특별시 구로구 고척제2동,고척제2동,4571417.401391564,6424678.575179052
서울특별시 구로구 고척제1동,고척제1동,4571761.155683994,6424161.566448185
서울특별시 구로구 가리봉동,가리봉동,4574574.725162779,6422462.02183524
서울특별시 구로구 구로제5동,구로제5동,4574978.363330785,6423762.39908108
서울특별시 구로구 구로제4동,구로제4동,4574740.774787119,6423137.036077339
서울특별시 구로구 구로제3동,구로제3동,4574776.186317504,6422807.672919601
서울특별시 구로구 구로제2동,구로제2동,4574038.782158351,6423200.355617675
서울특별시 구로구 구로제1동,구로제1동,4573141.345527982,6423433.068900805
서울특별시 구로구 신도림동,신도림동,4574113.048854577,6424445.89577612
서울특별시 강서구 오쇠동,오쇠동,4565016.658026312,6428217.415942229
서울특별시 강서구 오곡동,오곡동,4563516.851884857,6429139.319087349
서울특별시 강서구 과해동,과해동,4564234.215370182,6430032.276397267
서울특별시 강서구 개화동,개화동,4567164.572461505,6431317.94435713
서울특별시 강서구 방화동,방화동,4567702.859772759,6430490.971843772
서울특별시 강서구 외발산동,외발산동,4567885.588294182,6428341.992521017
서울특별시 강서구 내발산동,내발산동,4569783.419245783,6428439.029901545
서울특별시 강서구 마곡동,마곡동,4569694.819665049,6429997.436436502
서울특별시 강서구 가양동,가양동,4571331.038524177,6429485.968418556
서울특별시 강서구 화곡동,화곡동,4571044.0409017615,6427575.878387564
서울특별시 강서구 등촌동,등촌동,4572713.748291466,6428281.522132028
서울특별시 강서구 방화제3동,방화제3동,4567767.813635028,6430590.754733972
서울특별시 강서구 방화제2동,방화제2동,4566629.71832896,6429801.698291214
서울특별시 강서구 방화제1동,방화제1동,4567975.74961164,6429929.500687788
서울특별시 강서구 공항동,공항동,4566841.029208673,6429178.574409539
서울특별시 강서구 우장산동,우장산동,4570439.161659339,6427963.470440243
서울특별시 강서구 발산제1동,발산제1동,4569501.529715637,6428442.170000852
서울특별시 강서구 가양제3동,가양제3동,4573053.096481582,6428645.893162399
서울특별시 강서구 가양제2동,가양제2동,4572078.002498197,6429237.124289346
서울특별시 강서구 가양제1동,가양제1동,4571331.038524177,6429485.968418556
서울특별시 강서구 화곡제8동,화곡제8동,4570823.6885436475,6426729.134709655
서울특별시 강서구 화곡제6동,화곡제6동,4571537.010755533,6428110.669036447
서울특별시 강서구 화곡본동,화곡본동,4571044.0409017615,6427575.878387564
서울특별시 강서구 화곡제4동,화곡제4동,4572408.8845005,6426699.060616983
서울특별시 강서구 화곡제3동,화곡제3동,4569869.890148599,6427592.911401425
서울특별시 강서구 화곡제2동,화곡제2동,4571567.84312696,6426579.639526668
서울특별시 강서구 화곡제1동,화곡제1동,4569939.683391551,6426659.162590236
서울특별시 강서구 등촌제3동,등촌제3동,4571446.948905833,6428667.772173826
서울특별시 강서구 등촌제2동,등촌제2동,4572810.2591998475,6427265.030310581
서울특별시 강서구 등촌제1동,등촌제1동,4572713.748291466,6428281.522132028
서울특별시 강서구 염창동,염창동,4574131.42079754,6427961.224311079
서울특별시 양천구 신월동,신월동,4568773.265519194,6426975.877029062
서울특별시 양천구 목동,목동,4573558.491713549,6426239.961905356
서울특별시 양천구 신정동,신정동,4571181.411351031,6425609.182376958
서울특별시 양천구 신정7동,신정7동,4571737.3842162695,6425228.877036263
서울특별시 양천구 신정6동,신정6동,4572385.036464684,6425356.22969485
서울특별시 양천구 신정4동,신정4동,4571525.084417165,6426029.1030622665
서울특별시 양천구 신정3동,신정3동,4571158.456134363,6425355.145348052
서울특별시 양천구 신정2동,신정2동,4573202.175377641,6425428.897779619
서울특별시 양천구 신정1동,신정1동,4571181.411351031,6425609.182376958
서울특별시 양천구 신월7동,신월7동,4568878.932629811,6426134.339274185
서울특별시 양천구 신월6동,신월6동,4570057.366770202,6425701.025393337
서울특별시 양천구 신월5동,신월5동,4568395.949772647,6427462.382164309
서울특별시 양천구 신월4동,신월4동,4569616.0846669255,6426254.729837737
서울특별시 양천구 신월3동,신월3동,4568509.9105983265,6427068.163408421
서울특별시 양천구 신월2동,신월2동,4570151.630590523,6426220.22263481
서울특별시 양천구 신월1동,신월1동,4568773.265519194,6426975.877029062
서울특별시 양천구 목5동,목5동,4575001.180393012,6426588.797694482
서울특별시 양천구 목4동,목4동,4573259.704917322,6426431.03590206
서울특별시 양천구 목3동,목3동,4573102.738822258,6427395.186820195
서울특별시 양천구 목2동,목2동,4574024.024124022,6427389.521340389
서울특별시 양천구 목1동,목1동,4573558.491713549,6426239.961905356
서울특별시 마포구 중동,중동,4578812.995499752,6428798.45912215
서울특별시 마포구 성산동,성산동,4578885.611457281,6428152.658167544
서울특별시 마포구 망원동,망원동,4578408.944274543,6427611.072607335
서울특별시 마포구 동교동,동교동,4580846.4861804545,6427477.868882955
서울특별시 마포구 당인동,당인동,4579830.343488613,6426446.183305114
서울특별시 마포구 신정동,신정동,4581138.431557283,6426355.151749611
서울특별시 마포구 하중동,하중동,4580807.4299203865,6426407.801858478
서울특별시 마포구 상수동,상수동,4580445.196999509,6426705.416099471
서울특별시 마포구 창전동,창전동,4581249.7280098125,6426857.074270101
서울특별시 마포구 구수동,구수동,4581446.391217892,6426499.56838728
서울특별시 마포구 현석동,현석동,4581587.321782313,6426188.023297891
서울특별시 마포구 노고산동,노고산동,4582332.096874292,6427037.732269369
서울특별시 마포구 마포동,마포동,4582623.976176762,6425704.648231798
서울특별시 마포구 토정동,토정동,4582133.557203113,6425862.79993129
서울특별시 마포구 신공덕동,신공덕동,4584255.000221859,6426047.440106848
서울특별시 마포구 상암동,상암동,4577661.2683998365,6429436.535288439
서울특별시 마포구 성산제2동,성산제2동,4579161.495720031,6428520.106130515
서울특별시 마포구 성산제1동,성산제1동,4578885.611457281,6428152.658167544
서울특별시 마포구 연남동,연남동,4580647.453277647,6428032.346245196
서울특별시 마포구 망원제2동,망원제2동,4578132.634292282,6427997.639000287
서울특별시 마포구 망원제1동,망원제1동,4578408.944274543,6427611.072607335
서울특별시 마포구 합정동,합정동,4579075.436367606,6427229.728876721
서울특별시 마포구 서교동,서교동,4579494.6061355155,6427445.222640689
서울특별시 마포구 서강동,서강동,4581446.99199681,6426654.206884436
서울특별시 마포구 신수동,신수동,4581806.933421828,6426562.992605682
서울특별시 마포구 염리동,염리동,4583086.011202006,6426410.355757509
서울특별시 마포구 대흥동,대흥동,4582921.691538386,6427098.038537952
서울특별시 마포구 용강동,용강동,4582595.645090781,6426093.664520793
서울특별시 마포구 도화동,도화동,4583458.811508203,6425938.409451867
서울특별시 마포구 공덕동,공덕동,4584926.21881832,6426433.053407353
서울특별시 마포구 아현동,아현동,4583882.550360534,6426320.005016337
서울특별시 서대문구 남가좌동,남가좌동,4580592.886878984,6428713.292845992
서울특별시 서대문구 북가좌동,북가좌동,4579453.11711026,6428921.245520762
서울특별시 서대문구 홍은동,홍은동,4584605.759160902,6430215.463223321
서울특별시 서대문구 창천동,창천동,4581983.814117264,6427423.96592429
서울특별시 서대문구 봉원동,봉원동,4583927.631058818,6428280.432768376
서울특별시 서대문구 대신동,대신동,4583603.5353938155,6427765.116674506
서울특별시 서대문구 대현동,대현동,4583560.306075452,6427433.1880591335
서울특별시 서대문구 홍제동,홍제동,4584043.21892566,6429419.494251048
서울특별시 서대문구 현저동,현저동,4584806.089277595,6428277.908866972
서울특별시 서대문구 영천동,영천동,4585148.661033059,6427964.315381115
서울특별시 서대문구 옥천동,옥천동,4585309.251052847,6427860.182496756
서울특별시 서대문구 냉천동,냉천동,4585707.566787319,6427649.531159987
서울특별시 서대문구 미근동,미근동,4586126.830292309,6427318.206691695
서울특별시 서대문구 합동,합동,4585936.741760371,6427176.416021978
서울특별시 서대문구 충정로3가,충정로3가,4585494.736821789,6427297.562638731
서울특별시 서대문구 충정로2가,충정로2가,4585873.133959425,6427462.789311897
서울특별시 서대문구 북가좌제2동,북가좌제2동,4579762.035511234,6429438.379717007
서울특별시 서대문구 북가좌제1동,북가좌제1동,4579453.11711026,6428921.245520762
서울특별시 서대문구 남가좌제2동,남가좌제2동,4581235.961994065,6429035.616935806
서울특별시 서대문구 남가좌제1동,남가좌제1동,4580592.886878984,6428713.292845992
서울특별시 서대문구 홍은제2동,홍은제2동,4582548.627475983,6429016.567074861
서울특별시 서대문구 홍은제1동,홍은제1동,4584605.759160902,6430215.463223321
서울특별시 서대문구 홍제제2동,홍제제2동,4584548.261373484,6429238.566808739
서울특별시 서대문구 홍제제3동,홍제제3동,4584788.720505277,6429804.189652036
서울특별시 서대문구 홍제제1동,홍제제1동,4584043.21892566,6429419.494251048
서울특별시 서대문구 연희동,연희동,4582499.300498877,6428539.409421964
서울특별시 서대문구 신촌동,신촌동,4583057.44734595,6427720.543392546
서울특별시 서대문구 충현동,충현동,4584652.484030678,6427590.575489897
서울특별시 서대문구 북아현동,북아현동,4584800.669071564,6427163.649060413
서울특별시 서대문구 천연동,천연동,4585347.98180321,6427993.506635044
서울특별시 은평구 신사동,신사동,4580252.853047289,6430635.050884882
서울특별시 은평구 응암동,응암동,4582166.386632189,6430633.588673812
서울특별시 은평구 갈현동,갈현동,4581516.308871883,6432473.782602445
서울특별시 은평구 불광동,불광동,4583059.9176546335,6431275.403107107
서울특별시 은평구 진관동,진관동,4582340.715572218,6433244.875630106
서울특별시 은평구 수색동,수색동,4577670.069340726,6429833.291174954
서울특별시 은평구 증산동,증산동,4579325.607057504,6429703.686913756
서울특별시 은평구 신사제2동,신사제2동,4579648.022926063,6430124.496557136
서울특별시 은평구 신사제1동,신사제1동,4580252.853047289,6430635.050884882
서울특별시 은평구 역촌동,역촌동,4580830.143747372,6431071.924208608
서울특별시 은평구 응암제3동,응암제3동,4580592.54366236,6430166.917662021
서울특별시 은평구 응암제2동,응암제2동,4581554.556557335,6430237.317579741
서울특별시 은평구 응암제1동,응암제1동,4582166.386632189,6430633.588673812
서울특별시 은평구 대조동,대조동,4581778.2081967965,6431712.062428794
서울특별시 은평구 구산동,구산동,4580440.432178101,6431679.267403045
서울특별시 은평구 갈현제2동,갈현제2동,4581282.715762047,6432107.734730425
서울특별시 은평구 갈현제1동,갈현제1동,4581516.308871883,6432473.782602445
서울특별시 은평구 불광제2동,불광제2동,4582552.908189006,6432136.941771982
서울특별시 은평구 불광제1동,불광제1동,4583059.9176546335,6431275.403107107
서울특별시 은평구 녹번동,녹번동,4582573.765791094,6430702.337543823
서울특별시 노원구 중계동,중계동,4602003.396972433,6432328.628335378
서울특별시 노원구 상계동,상계동,4599931.262900337,6434685.104768546
서울특별시 노원구 하계동,하계동,4601083.484101935,6431502.52733115
서울특별시 노원구 공릉동,공릉동,4600832.010869273,6430318.724993448
서울특별시 노원구 월계동,월계동,4599372.65168726,6430107.982519273
서울특별시 노원구 상계10동,상계10동,4600097.907097046,6433224.144768334
서울특별시 노원구 상계9동,상계9동,4600626.502986805,6433416.183803085
서울특별시 노원구 상계8동,상계8동,4599177.123146877,6433758.092881657
서울특별시 노원구 상계6.7동,상계6.7동,4600761.108625011,6432651.561844126
서울특별시 노원구 상계5동,상계5동,4601276.7290553,6433199.622218572
서울특별시 노원구 상계3.4동,상계3.4동,4603233.867760511,6433758.628229388
서울특별시 노원구 상계2동,상계2동,4600936.651102138,6432831.599933134
서울특별시 노원구 상계1동,상계1동,4599931.262900337,6434685.104768546
서울특별시 노원구 중계2.3동,중계2.3동,4600649.565373321,6431681.169903064
서울특별시 노원구 중계4동,중계4동,4602220.881322296,6432778.008659569
서울특별시 노원구 중계1동,중계1동,4602003.396972433,6432328.628335378
서울특별시 노원구 중계본동,중계본동,4602226.379055901,6431933.53330387
서울특별시 노원구 하계2동,하계2동,4600295.335460512,6430934.665398445
서울특별시 노원구 하계1동,하계1동,4601083.484101935,6431502.52733115
서울특별시 노원구 공릉2동,공릉2동,4601927.346207311,6429914.038482755
서울특별시 노원구 공릉1동,공릉1동,4600832.010869273,6430318.724993448
서울특별시 노원구 월계3동,월계3동,4600168.275509433,6430101.013368227
서울특별시 노원구 월계2동,월계2동,4598197.27278873,6431223.3092703335
서울특별시 노원구 월계1동,월계1동,4599372.65168726,6430107.982519273
서울특별시 도봉구 도봉동,도봉동,4598480.341576019,6434759.817904188
서울특별시 도봉구 창동,창동,4597752.049737607,6432494.993526841
서울특별시 도봉구 방학동,방학동,4597774.104995261,6433719.560211301
서울특별시 도봉구 쌍문동,쌍문동,4595562.780399881,6432728.873426082
서울특별시 도봉구 방학제3동,방학제3동,4596085.454171872,6433528.671403067
서울특별시 도봉구 방학제2동,방학제2동,4597185.482657157,6434097.663016718
서울특별시 도봉구 방학제1동,방학제1동,4597774.104995261,6433719.560211301
서울특별시 도봉구 쌍문제4동,쌍문제4동,4596064.207800656,6433323.620225769
서울특별시 도봉구 쌍문제3동,쌍문제3동,4595802.249238022,6432774.387663059
서울특별시 도봉구 쌍문제2동,쌍문제2동,4597393.830487358,6433285.841952841
서울특별시 도봉구 쌍문제1동,쌍문제1동,4595562.780399881,6432728.873426082
서울특별시 도봉구 도봉제2동,도봉제2동,4598636.803259837,6434050.339693956
서울특별시 도봉구 도봉제1동,도봉제1동,4598480.341576019,6434759.817904188
서울특별시 도봉구 창제5동,창제5동,4597935.878995155,6433095.143102179
서울특별시 도봉구 창제4동,창제4동,4598803.807667315,6432675.435761406
서울특별시 도봉구 창제3동,창제3동,4597377.356102966,6431751.940330799
서울특별시 도봉구 창제2동,창제2동,4596562.536632473,6432100.511366438
서울특별시 도봉구 창제1동,창제1동,4597752.049737607,6432494.993526841
서울특별시 강북구 수유동,수유동,4594054.740916384,6431519.287463708
서울특별시 강북구 번동,번동,4595637.432403199,6431937.222675308
서울특별시 강북구 인수동,인수동,4593493.023168018,6432466.333288805
서울특별시 강북구 우이동,우이동,4593808.873162394,6432926.74463713
서울특별시 강북구 수유3동,수유3동,4594955.645064422,6432080.392614473
서울특별시 강북구 수유2동,수유2동,4594710.941502362,6432571.208386573
서울특별시 강북구 수유1동,수유1동,4594054.740916384,6431519.287463708
서울특별시 강북구 번3동,번3동,4597514.812294055,6430788.174396647
서울특별시 강북구 번2동,번2동,4596717.070577114,6431383.340831523
서울특별시 강북구 번1동,번1동,4595637.432403199,6431937.222675308
서울특별시 강북구 삼각산동,삼각산동,4594052.236347862,6430366.952536114
서울특별시 강북구 송천동,송천동,4594515.81566094,6430553.895242202
서울특별시 강북구 송중동,송중동,4595675.310134146,6430249.007533033
서울특별시 강북구 미아동,미아동,4595128.774222836,6431161.075073928
서울특별시 강북구 삼양동,삼양동,4594191.443712578,6431114.6348982295
서울특별시 성북구 장위동,장위동,4596849.68102554,6429957.934547083
서울특별시 성북구 상월곡동,상월곡동,4597040.9444733495,6429314.633269016
서울특별시 성북구 하월곡동,하월곡동,4595981.903652069,6429309.135652381
서울특별시 성북구 길음동,길음동,4593768.304452953,6430039.620225103
서울특별시 성북구 정릉동,정릉동,4593193.391261646,6429409.749702244
서울특별시 성북구 보문동3가,보문동3가,4592640.530830381,6428122.614321879
서울특별시 성북구 보문동2가,보문동2가,4592978.696552947,6428223.136365508
서울특별시 성북구 보문동1가,보문동1가,4593175.811612492,6428255.997397621
서울특별시 성북구 보문동7가,보문동7가,4593295.984397156,6427718.23037139
서울특별시 성북구 보문동6가,보문동6가,4592921.831696752,6427824.109299328
서울특별시 성북구 보문동5가,보문동5가,4593120.728153311,6427947.8282351745
서울특별시 성북구 보문동4가,보문동4가,4593291.427245587,6427965.868578809
서울특별시 성북구 안암동5가,안암동5가,4594522.977393141,6428282.658268596
서울특별시 성북구 안암동4가,안암동4가,4593634.667797336,6427731.495546339
서울특별시 성북구 안암동3가,안암동3가,4593533.55985587,6428013.031116671
서울특별시 성북구 안암동2가,안암동2가,4593595.334168572,6428225.817893108
서울특별시 성북구 안암동1가,안암동1가,4593532.519841362,6428384.29042818
서울특별시 성북구 동선동5가,동선동5가,4593055.5138146635,6429020.624445329
서울특별시 성북구 동선동4가,동선동4가,4593280.317424176,6428918.5007249
서울특별시 성북구 동선동3가,동선동3가,4593468.815031238,6428795.489786437
서울특별시 성북구 동선동2가,동선동2가,4593327.639060151,6428529.044585335
서울특별시 성북구 동선동1가,동선동1가,4593175.471074949,6428705.936752699
서울특별시 성북구 삼선동5가,삼선동5가,4592755.79156385,6428465.357705345
서울특별시 성북구 삼선동4가,삼선동4가,4592469.6793651525,6428611.641654354
서울특별시 성북구 삼선동3가,삼선동3가,4592363.57858504,6428357.9468338
서울특별시 성북구 삼선동2가,삼선동2가,4592100.885416436,6428191.6385534145
서울특별시 성북구 삼선동1가,삼선동1가,4591721.2735420745,6428275.039597952
서울특별시 성북구 동소문동7가,동소문동7가,4592766.144541502,6429070.1556399325
서울특별시 성북구 동소문동6가,동소문동6가,4592694.889494704,6428861.668067153
서울특별시 성북구 동소문동5가,동소문동5가,4592783.858186763,6428699.196699676
서울특별시 성북구 동소문동4가,동소문동4가,4592206.408853561,6428776.3657492325
서울특별시 성북구 동소문동3가,동소문동3가,4592244.196341703,6428666.201343772
서울특별시 성북구 동소문동2가,동소문동2가,4591834.259087285,6428585.936821414
서울특별시 성북구 동소문동1가,동소문동1가,4591741.897514157,6428712.290166912
서울특별시 성북구 돈암동,돈암동,4594443.855745766,6429413.484732718
서울특별시 성북구 성북동1가,성북동1가,4591308.609521529,6428701.671833101
서울특별시 성북구 석관동,석관동,4598994.90423028,6429613.687804833
서울특별시 성북구 장위제3동,장위제3동,4598496.807004456,6429950.939855038
서울특별시 성북구 장위제2동,장위제2동,4598132.924022195,6429671.987196675
서울특별시 성북구 장위제1동,장위제1동,4596849.68102554,6429957.934547083
서울특별시 성북구 월곡제2동,월곡제2동,4597144.480418843,6429276.664002255
서울특별시 성북구 월곡제1동,월곡제1동,4595779.612199807,6429807.651270327
서울특별시 성북구 종암동,종암동,4595406.672019936,6428959.815290046
서울특별시 성북구 길음제2동,길음제2동,4594642.215554741,6429641.739444342
서울특별시 성북구 길음제1동,길음제1동,4593768.304452953,6430039.620225103
서울특별시 성북구 정릉제4동,정릉제4동,4592318.368013548,6430429.750876891
서울특별시 성북구 정릉제3동,정릉제3동,4591862.284079635,6430145.185305547
서울특별시 성북구 정릉제2동,정릉제2동,4592595.356590822,6429713.256734764
서울특별시 성북구 정릉제1동,정릉제1동,4593193.391261646,6429409.749702244
서울특별시 성북구 보문동,보문동,4593405.786916083,6427757.953243584
서울특별시 성북구 안암동,안암동,4593367.350040502,6428184.678713036
서울특별시 성북구 돈암제2동,돈암제2동,4592362.635263268,6429244.133381464
서울특별시 성북구 돈암제1동,돈암제1동,4594443.855745766,6429413.484732718
서울특별시 성북구 동선동,동선동,4593460.316204457,6428801.666493877
서울특별시 성북구 삼선동,삼선동,4592674.507977391,6428651.243864929
서울특별시 성북구 성북동,성북동,4591290.422274858,6428836.759565957
서울특별시 중랑구 신내동,신내동,4603500.635591861,6428527.417625953
서울특별시 중랑구 망우동,망우동,4604326.106183833,6428041.260981258
서울특별시 중랑구 묵동,묵동,4601077.6753183175,6429320.782645044
서울특별시 중랑구 중화동,중화동,4601050.844309601,6428455.913883127
서울특별시 중랑구 상봉동,상봉동,4601826.172286747,6428262.662550614
서울특별시 중랑구 면목동,면목동,4601526.990486463,6427327.544722884
서울특별시 중랑구 신내2동,신내2동,4602855.49122365,6428628.698710763
서울특별시 중랑구 신내1동,신내1동,4603500.635591861,6428527.417625953
서울특별시 중랑구 망우제3동,망우제3동,4602571.695665329,6427554.871146209
서울특별시 중랑구 망우본동,망우본동,4603599.831874003,6428103.413434542
서울특별시 중랑구 묵제2동,묵제2동,4600893.329631518,6428845.129944893
서울특별시 중랑구 묵제1동,묵제1동,4601077.6753183175,6429320.782645044
서울특별시 중랑구 중화제2동,중화제2동,4600871.354174,6428338.582609043
서울특별시 중랑구 중화제1동,중화제1동,4601050.844309601,6428455.913883127
서울특별시 중랑구 상봉제2동,상봉제2동,4600863.207730142,6427836.318661801
서울특별시 중랑구 상봉제1동,상봉제1동,4601826.172286747,6428262.662550614
서울특별시 중랑구 면목제7동,면목제7동,4601254.722609266,6426711.605454915
서울특별시 중랑구 면목본동,면목본동,4601526.990486463,6427327.544722884
서울특별시 중랑구 면목제5동,면목제5동,4600512.9519270575,6427327.370795945
서울특별시 중랑구 면목제4동,면목제4동,4600968.635846334,6426411.02989311
서울특별시 중랑구 면목제2동,면목제2동,4600560.996736063,6427632.812950413
서울특별시 동대문구 이문동,이문동,4599098.627784017,6428431.504872155
서울특별시 동대문구 휘경동,휘경동,4599004.45227571,6428061.953813405
서울특별시 동대문구 장안동,장안동,4598429.771649166,6426187.669232983
서울특별시 동대문구 답십리동,답십리동,4596677.207449251,6426704.249663339
서울특별시 동대문구 전농동,전농동,4596407.808261584,6427216.306986431
서울특별시 동대문구 용두동,용두동,4595056.553064754,6427214.389656421
서울특별시 동대문구 신설동,신설동,4593598.48446364,6427314.235584671
서울특별시 동대문구 이문제2동,이문제2동,4599195.7748308545,6428846.483342941
서울특별시 동대문구 이문제1동,이문제1동,4599098.627784017,6428431.504872155
서울특별시 동대문구 휘경제2동,휘경제2동,4599284.327205054,6427817.603944048
서울특별시 동대문구 휘경제1동,휘경제1동,4599004.45227571,6428061.953813405
서울특별시 동대문구 회기동,회기동,4597669.604181317,6428056.873377184
서울특별시 동대문구 청량리동,청량리동,4596563.882744903,6427836.650400583
서울특별시 동대문구 장안제2동,장안제2동,4599226.942752856,6426916.082718582
서울특별시 동대문구 장안제1동,장안제1동,4598429.771649166,6426187.669232983
서울특별시 동대문구 답십리제2동,답십리제2동,4597789.0107270535,6426231.8523215875
서울특별시 동대문구 답십리제1동,답십리제1동,4596677.207449251,6426704.249663339
서울특별시 동대문구 전농제2동,전농제2동,4597919.027775199,6427043.567064173
서울특별시 동대문구 전농제1동,전농제1동,4596407.808261584,6427216.306986431
서울특별시 동대문구 제기동,제기동,4595326.193401947,6427744.494831786
서울특별시 동대문구 용신동,용신동,4595056.672120434,6427208.971987756
서울특별시 광진구 자양동,자양동,4599529.30154062,6423471.0695291655
서울특별시 광진구 구의동,구의동,4600137.041594018,6424016.076596936
서울특별시 광진구 중곡동,중곡동,4599921.260715514,6425452.240566635
서울특별시 광진구 구의제3동,구의제3동,4600800.571519522,6423592.125998207
서울특별시 광진구 구의제2동,구의제2동,4600782.581435966,6424306.353003521
서울특별시 광진구 구의제1동,구의제1동,4600137.041594018,6424016.076596936
서울특별시 광진구 자양제4동,자양제4동,4597536.227613489,6423683.131764216
서울특별시 광진구 자양제3동,자양제3동,4598341.689615,6423564.242231021
서울특별시 광진구 자양제2동,자양제2동,4599625.4602225805,6423018.615584627
서울특별시 광진구 자양제1동,자양제1동,4599529.30154062,6423471.0695291655
서울특별시 광진구 광장동,광장동,4602385.50255448,6424083.073468854
서울특별시 광진구 능동,능동,4599797.259896372,6424932.745127282
서울특별시 광진구 중곡제4동,중곡제4동,4601037.064075234,6425193.775138434
서울특별시 광진구 중곡제3동,중곡제3동,4600150.855502823,6426055.014964758
서울특별시 광진구 중곡제2동,중곡제2동,4600089.743521524,6425403.385329242
서울특별시 광진구 중곡제1동,중곡제1동,4599921.260715514,6425452.240566635
서울특별시 광진구 군자동,군자동,4599259.509728524,6425101.915022953
서울특별시 광진구 화양동,화양동,4598478.940483274,6424531.665381185
서울특별시 성동구 성수동2가,성수동2가,4596530.708597194,6424246.931419161
서울특별시 성동구 성수동1가,성수동1가,4595702.210531421,6424524.423627231
서울특별시 성동구 금호동4가,금호동4가,4592654.748866679,6425144.4763727775
서울특별시 성동구 금호동3가,금호동3가,4592179.444844352,6425542.303928426
서울특별시 성동구 금호동2가,금호동2가,4592228.885970748,6425845.871337296
서울특별시 성동구 금호동1가,금호동1가,4593121.690864682,6425676.7407599995
서울특별시 성동구 행당동,행당동,4594480.426744729,6425944.25872056
서울특별시 성동구 도선동,도선동,4594307.9909171425,6426349.428951608
서울특별시 성동구 홍익동,홍익동,4594182.090301042,6426627.8456730265
서울특별시 성동구 하왕십리동,하왕십리동,4593713.505740441,6426468.060616047
서울특별시 성동구 상왕십리동,상왕십리동,4593306.484294057,6426842.327094242
서울특별시 성동구 용답동,용답동,4597001.362754253,6426066.805069654
서울특별시 성동구 송정동,송정동,4598477.473423763,6425150.082966475
서울특별시 성동구 성수2가제3동,성수2가제3동,4596551.702113977,6424895.004734138
서울특별시 성동구 성수2가제1동,성수2가제1동,4596178.303333699,6424272.07086388
서울특별시 성동구 성수1가제2동,성수1가제2동,4595159.287036784,6424914.127725524
서울특별시 성동구 성수1가제1동,성수1가제1동,4595702.210531421,6424524.423627231
서울특별시 성동구 옥수동,옥수동,4591302.58989216,6425171.492628926
서울특별시 성동구 금호4가동,금호4가동,4592492.945368884,6425303.907780128
서울특별시 성동구 금호2.3가동,금호2.3가동,4592472.851722292,6425776.899596097
서울특별시 성동구 금호1가동,금호1가동,4592599.075392254,6425886.043300999
서울특별시 성동구 응봉동,응봉동,4594001.5045418255,6425583.999290609
서울특별시 성동구 행당제2동,행당제2동,4593631.890957816,6426018.068783683
서울특별시 성동구 행당제1동,행당제1동,4594480.426744729,6425944.25872056
서울특별시 성동구 사근동,사근동,4595679.036444096,6426026.178578428
서울특별시 성동구 마장동,마장동,4595812.366679465,6426384.58363306
서울특별시 성동구 왕십리도선동,왕십리도선동,4593416.4294459475,6426786.803154073
서울특별시 성동구 왕십리제2동,왕십리제2동,4593847.220358842,6426216.404609593
서울특별시 용산구 용산동6가,용산동6가,4586993.290682277,6423625.01526407
서울특별시 용산구 주성동,주성동,4589019.752333738,6423735.158860152
서울특별시 용산구 동빙고동,동빙고동,4588604.249761858,6423956.285557587
서울특별시 용산구 이태원동,이태원동,4588753.922165885,6424618.577791999
서울특별시 용산구 이촌동,이촌동,4585789.147563856,6424116.6069525685
서울특별시 용산구 한강로3가,한강로3가,4584364.622035356,6424777.071632638
서울특별시 용산구 용산동5가,용산동5가,4586084.690127622,6424411.181049799
서울특별시 용산구 용산동3가,용산동3가,4586506.304372897,6424846.113335115
서울특별시 용산구 한강로2가,한강로2가,4585508.936435372,6424938.895283612
서울특별시 용산구 한강로1가,한강로1가,4586210.316036832,6425204.633536688
서울특별시 용산구 신계동,신계동,4585368.803005642,6425273.586431704
서울특별시 용산구 문배동,문배동,4585692.434204502,6425327.602310261
서울특별시 용산구 도원동,도원동,4584149.458819788,6425648.494572038
서울특별시 용산구 원효로4가,원효로4가,4583295.737645147,6425287.949359419
서울특별시 용산구 원효로3가,원효로3가,4584279.654625654,6425294.751726723
서울특별시 용산구 청암동,청암동,4582878.415816313,6425466.166761664
서울특별시 용산구 산천동,산천동,4583470.95266778,6425459.450102449
서울특별시 용산구 신창동,신창동,4583901.109256549,6425450.333713447
서울특별시 용산구 원효로2가,원효로2가,4584968.815130705,6425395.945072157
서울특별시 용산구 원효로1가,원효로1가,4585554.133646941,6425559.456184534
서울특별시 용산구 청파동3가,청파동3가,4585573.804540943,6425818.765083075
서울특별시 용산구 청파동2가,청파동2가,4585639.644245867,6426041.836029537
서울특별시 용산구 청파동1가,청파동1가,4585793.002063602,6426223.806277682
서울특별시 용산구 서계동,서계동,4585765.682903582,6426508.530766999
서울특별시 용산구 동자동,동자동,4586489.930127898,6426391.946209234
서울특별시 용산구 용산동1가,용산동1가,4586742.068210218,6425441.836934145
서울특별시 용산구 갈월동,갈월동,4586164.079097215,6425697.648453789
서울특별시 용산구 용산동4가,용산동4가,4587522.9649997335,6424617.266870547
서울특별시 용산구 용산동2가,용산동2가,4587679.887590136,6425550.0661709355
서울특별시 용산구 보광동,보광동,4589222.067023419,6424084.758540609
서울특별시 용산구 서빙고동,서빙고동,4588392.353377033,6423731.719028638
서울특별시 용산구 한남동,한남동,4589476.15071783,6424688.632191159
서울특별시 용산구 이태원제2동,이태원제2동,4588399.50004545,6425383.358341771
서울특별시 용산구 이태원제1동,이태원제1동,4588753.922165885,6424618.577791999
서울특별시 용산구 이촌제2동,이촌제2동,4583652.240793362,6424742.824513522
서울특별시 용산구 이촌제1동,이촌제1동,4585789.147563856,6424116.6069525685
서울특별시 용산구 한강로동,한강로동,4585478.275263294,6424668.578289912
서울특별시 용산구 용문동,용문동,4584330.995812594,6425634.7605741015
서울특별시 용산구 효창동,효창동,4584948.425719625,6425835.455156629
서울특별시 용산구 원효로제2동,원효로제2동,4583475.340848502,6425385.903042732
서울특별시 용산구 원효로제1동,원효로제1동,4585525.881472726,6425364.143091249
서울특별시 용산구 청파동,청파동,4585793.002063602,6426223.806277682
서울특별시 용산구 남영동,남영동,4586624.995099019,6425891.395690286
서울특별시 용산구 용산2가동,용산2가동,4587950.002004204,6425763.206756799
서울특별시 용산구 후암동,후암동,4587103.423083106,6426056.45280577
서울특별시 중구 만리동2가,만리동2가,4585522.264340578,6426686.591797186
서울특별시 중구 만리동1가,만리동1가,4585961.25869518,6426751.63506643
서울특별시 중구 의주로2가,의주로2가,4586370.958159943,6427072.872523204
서울특별시 중구 충정로1가,충정로1가,4586353.489166394,6427518.531612046
서울특별시 중구 의주로1가,의주로1가,4586320.550984891,6427331.914926909
서울특별시 중구 순화동,순화동,4586527.81487325,6427211.435180232
서울특별시 중구 정동,정동,4586927.0138132665,6427444.828143147
서울특별시 중구 서소문동,서소문동,4586907.137200085,6427206.6067656195
서울특별시 중구 무학동,무학동,4592062.972860124,6426679.994648029
서울특별시 중구 흥인동,흥인동,4592297.568756351,6426908.299955955
서울특별시 중구 저동2가,저동2가,4588904.397034539,6427048.135007049
서울특별시 중구 인현동1가,인현동1가,4589511.938357554,6427001.367373387
서울특별시 중구 초동,초동,4589258.881069034,6427035.144402113
서울특별시 중구 충무로3가,충무로3가,4589124.630375851,6426875.164868384
서울특별시 중구 산림동,산림동,4589749.31009135,6427204.568310153
서울특별시 중구 입정동,입정동,4589410.168552443,6427260.084012776
서울특별시 중구 을지로3가,을지로3가,4589278.160594606,6427153.620199355
서울특별시 중구 오장동,오장동,4590292.99258626,6426930.116105591
서울특별시 중구 방산동,방산동,4590697.505073623,6427177.209600483
서울특별시 중구 주교동,주교동,4590213.023763307,6427199.938812565
서울특별시 중구 을지로5가,을지로5가,4590574.804372956,6427023.344867727
서울특별시 중구 을지로4가,을지로4가,4589850.36747819,6427092.393428052
서울특별시 중구 을지로7가,을지로7가,4591523.24995371,6426896.078886236
서울특별시 중구 을지로6가,을지로6가,4591130.3403109275,6427050.097270833
서울특별시 중구 쌍림동,쌍림동,4590680.379433569,6426801.285101311
서울특별시 중구 광희동2가,광희동2가,4591191.417353762,6426760.569526596
서울특별시 중구 광희동1가,광희동1가,4590834.236545283,6426875.603819933
서울특별시 중구 장충동2가,장충동2가,4590093.78019204,6426232.033629676
서울특별시 중구 장충동1가,장충동1가,4591041.150068702,6426523.77958795
서울특별시 중구 예장동,예장동,4588706.1478836145,6426379.944672841
서울특별시 중구 주자동,주자동,4588792.593519624,6426781.346081454
서울특별시 중구 남학동,남학동,4588965.16245473,6426754.406334533
서울특별시 중구 필동3가,필동3가,4589670.64143496,6426512.139235908
서울특별시 중구 필동2가,필동2가,4589355.833425957,6426557.324739697
서울특별시 중구 필동1가,필동1가,4589171.451462942,6426745.526329951
서울특별시 중구 묵정동,묵정동,4590177.175320903,6426668.761354206
서울특별시 중구 예관동,예관동,4589966.143911568,6426918.071598851
서울특별시 중구 인현동2가,인현동2가,4589724.902682625,6426939.552000473
서울특별시 중구 충무로5가,충무로5가,4590104.70591382,6426794.359996762
서울특별시 중구 충무로4가,충무로4가,4589631.190941324,6426804.804321562
서울특별시 중구 저동1가,저동1가,4588694.763219555,6427083.390044722
서울특별시 중구 남산동3가,남산동3가,4588540.732248221,6426773.584024655
서울특별시 중구 남산동2가,남산동2가,4588294.896754783,6426662.320519997
서울특별시 중구 남산동1가,남산동1가,4588169.579818178,6426753.872648687
서울특별시 중구 명동2가,명동2가,4588331.00699683,6426991.954388249
서울특별시 중구 명동1가,명동1가,4588306.344472263,6427119.47513936
서울특별시 중구 충무로2가,충무로2가,4588438.533960244,6426886.333821106
서울특별시 중구 충무로1가,충무로1가,4587940.18355448,6426910.314902511
서울특별시 중구 회현동3가,회현동3가,4588127.131187409,6426822.118640866
서울특별시 중구 회현동2가,회현동2가,4587950.5315827895,6426734.68720094
서울특별시 중구 회현동1가,회현동1가,4587714.0400423035,6426643.689279361
서울특별시 중구 봉래동2가,봉래동2가,4586432.975100283,6426746.711624124
서울특별시 중구 봉래동1가,봉래동1가,4586714.405257389,6426906.479807736
서울특별시 중구 남대문로5가,남대문로5가,4586913.4227038305,6426652.860280235
서울특별시 중구 남대문로4가,남대문로4가,4587105.0515451785,6426976.916415433
서울특별시 중구 남대문로3가,남대문로3가,4587617.3579894025,6427000.280679542
서울특별시 중구 남대문로2가,남대문로2가,4587985.504253335,6427130.513059226
서울특별시 중구 태평로2가,태평로2가,4587258.8231024705,6427143.200643669
서울특별시 중구 북창동,북창동,4587479.054237539,6427064.184518817
서울특별시 중구 남창동,남창동,4587264.169924038,6426766.109669758
서울특별시 중구 수표동,수표동,4588920.684715571,6427267.1210301295
서울특별시 중구 장교동,장교동,4588672.679191155,6427318.689552579
서울특별시 중구 수하동,수하동,4588381.093985604,6427340.367970357
서울특별시 중구 삼각동,삼각동,4588354.446364922,6427406.161726374
서울특별시 중구 남대문로1가,남대문로1가,4588170.6241464075,6427387.958041275
서울특별시 중구 을지로2가,을지로2가,4588470.4697351325,6427220.717702483
서울특별시 중구 을지로1가,을지로1가,4587850.364800247,6427303.007603064
서울특별시 중구 태평로1가,태평로1가,4587490.0451177545,6427477.508820194
서울특별시 중구 다동,다동,4587950.726966042,6427457.829383651
서울특별시 중구 무교동,무교동,4587713.735338075,6427486.187491715
서울특별시 중구 중림동,중림동,4585593.839697703,6426713.781062539
서울특별시 중구 황학동,황학동,4592880.087617345,6426813.508666913
서울특별시 중구 동화동,동화동,4592462.276808025,6426300.472562278
서울특별시 중구 신당제5동,신당제5동,4592892.488125274,6426641.9371027835
서울특별시 중구 청구동,청구동,4591803.718419895,6426149.426206068
서울특별시 중구 약수동,약수동,4590986.503365417,6425891.483613705
서울특별시 중구 다산동,다산동,4590939.215455012,6426036.553315673
서울특별시 중구 신당동,신당동,4591917.351284326,6426522.950569593
서울특별시 중구 을지로동,을지로동,4589191.146264814,6427202.4049531715
서울특별시 중구 광희동,광희동,4590816.443949035,6426838.680748151
서울특별시 중구 장충동,장충동,4591094.446002789,6426605.142362291
서울특별시 중구 필동,필동,4589539.654831618,6426655.259509926
서울특별시 중구 명동,명동,4588345.474166487,6426788.010234296
서울특별시 중구 회현동,회현동,4587097.3526944965,6426730.472437652
서울특별시 중구 소공동,소공동,4587326.533851564,6427093.0917079635
서울특별시 종로구 신영동,신영동,4586546.031987583,6430300.968024691
서울특별시 종로구 홍지동,홍지동,4585787.283611203,6430208.95403811
서울특별시 종로구 구기동,구기동,4586355.340444191,6431473.510516991
서울특별시 종로구 행촌동,행촌동,4585787.91279153,6428133.051350723
서울특별시 종로구 교북동,교북동,4585651.236467232,6427988.447917246
서울특별시 종로구 홍파동,홍파동,4585950.814575003,6427923.515480571
서울특별시 종로구 송월동,송월동,4586074.047955403,6427826.743522377
서울특별시 종로구 평동,평동,4586217.373491062,6427648.760932527
서울특별시 종로구 숭인동,숭인동,4592458.606654302,6427671.173888064
서울특별시 종로구 창신동,창신동,4592365.557885824,6427138.224380303
서울특별시 종로구 명륜3가,명륜3가,4589947.009082645,6428715.260421773
서울특별시 종로구 명륜4가,명륜4가,4590629.731292661,6428221.877319132
서울특별시 종로구 명륜2가,명륜2가,4590570.8520053085,6428418.345143622
서울특별시 종로구 명륜1가,명륜1가,4590528.075852187,6428770.337173091
서울특별시 종로구 동숭동,동숭동,4591245.6648190655,6428084.302370893
서울특별시 종로구 충신동,충신동,4591215.906590961,6427589.639374607
서울특별시 종로구 연건동,연건동,4590501.011477513,6427963.925053689
서울특별시 종로구 종로6가,종로6가,4591320.336551513,6427350.3078032555
서울특별시 종로구 종로5가,종로5가,4590796.822788136,6427314.547906914
서울특별시 종로구 효제동,효제동,4590788.071859197,6427494.295540975
서울특별시 종로구 종로4가,종로4가,4590100.997394783,6427398.427797428
서울특별시 종로구 연지동,연지동,4590459.595013959,6427590.962095986
서울특별시 종로구 원남동,원남동,4590181.848214891,6427759.33424738
서울특별시 종로구 예지동,예지동,4590117.6506196,6427316.663789781
서울특별시 종로구 인의동,인의동,4590146.389162328,6427535.428903055
서울특별시 종로구 종로3가,종로3가,4589407.621216178,6427459.990814897
서울특별시 종로구 관수동,관수동,4589163.090071067,6427389.425974863
서울특별시 종로구 장사동,장사동,4589584.499806026,6427348.925527206
서울특별시 종로구 돈의동,돈의동,4589250.912790531,6427599.739754224
서울특별시 종로구 봉익동,봉익동,4589533.042011835,6427582.866767692
서울특별시 종로구 묘동,묘동,4589385.404754076,6427618.878275204
서울특별시 종로구 훈정동,훈정동,4589749.149058219,6427713.373324782
서울특별시 종로구 원서동,원서동,4589256.864444112,6428519.301405968
서울특별시 종로구 계동,계동,4589015.06382313,6428277.597411655
서울특별시 종로구 재동,재동,4588725.578811714,6428134.417890793
서울특별시 종로구 송현동,송현동,4588272.064476609,6428087.564211091
서울특별시 종로구 사간동,사간동,4588120.8681884315,6428141.086280994
서울특별시 종로구 화동,화동,4588505.404474018,6428352.854444294
서울특별시 종로구 소격동,소격동,4588228.691423304,6428300.604480745
서울특별시 종로구 안국동,안국동,4588432.108245591,6428107.275420526
서울특별시 종로구 팔판동,팔판동,4588268.678667171,6428551.370916409
서울특별시 종로구 종로2가,종로2가,4588744.693838687,6427542.006150931
서울특별시 종로구 낙원동,낙원동,4588993.974182585,6427671.374698467
서울특별시 종로구 인사동,인사동,4588666.770689047,6427648.278644938
서울특별시 종로구 관철동,관철동,4588596.153021159,6427456.848927661
서울특별시 종로구 경운동,경운동,4588748.028031124,6427898.116099829
서울특별시 종로구 익선동,익선동,4589157.956536718,6427811.33599206
서울특별시 종로구 운니동,운니동,4589070.679603338,6427962.856163122
서울특별시 종로구 권농동,권농동,4589520.33786509,6427995.072219166
서울특별시 종로구 와룡동,와룡동,4589792.170143068,6428309.536765097
서울특별시 종로구 견지동,견지동,4588343.54518426,6427825.2916889265
서울특별시 종로구 관훈동,관훈동,4588558.845410343,6427831.779083029
서울특별시 종로구 공평동,공평동,4588258.999044109,6427650.065763211
서울특별시 종로구 종로1가,종로1가,4587859.25720451,6427644.325029293
서울특별시 종로구 중학동,중학동,4587981.24998076,6428005.760075714
서울특별시 종로구 수송동,수송동,4588056.848969004,6427874.096300595
서울특별시 종로구 서린동,서린동,4587921.94358414,6427566.829779961
서울특별시 종로구 청진동,청진동,4587942.503178746,6427712.909737205
서울특별시 종로구 신문로2가,신문로2가,4586537.213158396,6427828.633476378
서울특별시 종로구 신문로1가,신문로1가,4587143.08848831,6427709.798376788
서울특별시 종로구 세종로,세종로,4587756.630499691,6428416.431873749
서울특별시 종로구 내수동,내수동,4587007.897989268,6427938.901446633
서울특별시 종로구 당주동,당주동,4587190.603117928,6427811.8164538145
서울특별시 종로구 도렴동,도렴동,4587321.729868842,6427914.59366745
서울특별시 종로구 내자동,내자동,4586998.1022161255,6428129.2450649105
서울특별시 종로구 필운동,필운동,4586619.6526922565,6428318.305592865
서울특별시 종로구 체부동,체부동,4586955.199474815,6428334.384817468
서울특별시 종로구 옥인동,옥인동,4586095.54994422,6428865.723272334
서울특별시 종로구 누하동,누하동,4586676.4777807295,6428458.042378788
서울특별시 종로구 누상동,누상동,4585988.261191235,6428632.091955291
서울특별시 종로구 통인동,통인동,4586947.886004885,6428500.1418311605
서울특별시 종로구 적선동,적선동,4587260.096524147,6428091.033227367
서울특별시 종로구 통의동,통의동,4587203.018507788,6428336.15220736
서울특별시 종로구 창성동,창성동,4587194.080048779,6428506.538789236
서울특별시 종로구 효자동,효자동,4587225.146015604,6428660.601701589
서울특별시 종로구 궁정동,궁정동,4587370.049517091,6428799.94136655
서울특별시 종로구 신교동,신교동,4586768.155528227,6428856.473167119
서울특별시 종로구 청운동,청운동,4587072.155727213,6429181.639537411
서울특별시 종로구 숭인제2동,숭인제2동,4592917.244775044,6427389.965706665
서울특별시 종로구 숭인제1동,숭인제1동,4592458.606654302,6427671.173888064
서울특별시 종로구 창신제3동,창신제3동,4592390.059840375,6427687.059533019
서울특별시 종로구 창신제2동,창신제2동,4591787.089168047,6427492.404221161
서울특별시 종로구 창신제1동,창신제1동,4592365.557885824,6427138.224380303
서울특별시 종로구 혜화동,혜화동,4590848.853141062,6428564.411496611
서울특별시 종로구 이화동,이화동,4591053.009079862,6427775.982062948
서울특별시 종로구 종로5.6가동,종로5.6가동,4591009.518160107,6427395.96198646
서울특별시 종로구 종로1.2.3.4가동,종로1.2.3.4가동,4589260.851909438,6427791.04719214
서울특별시 종로구 가회동,가회동,4588736.977189856,6428285.488050962
서울특별시 종로구 교남동,교남동,4585724.638695795,6428012.080067556
서울특별시 종로구 무악동,무악동,4585365.91249907,6428366.586772715
서울특별시 종로구 평창동,평창동,4587379.115637594,6430464.115400552
서울특별시 종로구 부암동,부암동,4586521.078751188,6429499.132719858
서울특별시 종로구 삼청동,삼청동,4588501.566145817,6428693.174868178
서울특별시 종로구 사직동,사직동,4586680.546293789,6428227.706262784
서울특별시 종로구 청운효자동,청운효자동,4587108.197747316,6428788.79299278
