충청북도 단양군 단성면,단성면,4737268.781006425,6353972.359220096
충청북도 단양군 단성면 대잠리,대잠리,4734697.66539673,6351547.210898061
충청북도 단양군 단성면 가산리,가산리,4733586.0809510425,6350730.2163538225
충청북도 단양군 단성면 회산리,회산리,4732103.770648365,6351138.896795575
충청북도 단양군 단성면 벌천리,벌천리,4728888.055312802,6348830.245568919
충청북도 단양군 단성면 양당리,양당리,4726932.210749502,6353047.253400853
충청북도 단양군 단성면 고평리,고평리,4727421.650258792,6353973.705901422
충청북도 단양군 단성면 두항리,두항리,4726526.269180523,6354641.626621072
충청북도 단양군 단성면 장회리,장회리,4728316.075711245,6355336.0898885075
충청북도 단양군 단성면 외중방리,외중방리,4733633.071481503,6353846.543313474
충청북도 단양군 단성면 하방리,하방리,4736972.986187595,6354201.293717397
충청북도 단양군 단성면 중방리,중방리,4736493.436450308,6353606.734113887
충청북도 단양군 단성면 상방리,상방리,4737297.642870206,6353850.727739847
충청북도 단양군 단성면 북하리,북하리,4738557.501619937,6353028.9327644175
충청북도 단양군 단성면 북상리,북상리,4739159.133599176,6352623.484929649
충청북도 단양군 적성면,적성면,4734146.435812276,6356552.832636392
충청북도 단양군 적성면 상원곡리,상원곡리,4729789.0438381275,6364919.880824244
충청북도 단양군 적성면 하원곡리,하원곡리,4729390.598903447,6363575.783617423
충청북도 단양군 적성면 파랑리,파랑리,4732536.431040488,6364970.8005615305
충청북도 단양군 적성면 대가리,대가리,4732442.100429278,6363055.790958918
충청북도 단양군 적성면 소야리,소야리,4731787.2356845895,6361680.215208051
충청북도 단양군 적성면 각기리,각기리,4734686.471271436,6361031.030685582
충청북도 단양군 적성면 기동리,기동리,4734122.878089164,6359615.496205681
충청북도 단양군 적성면 애곡리,애곡리,4737806.335575051,6356403.129185476
충청북도 단양군 적성면 상리,상리,4732803.651773838,6357934.7598062465
충청북도 단양군 적성면 성곡리,성곡리,4729905.184429826,6356066.32166096
충청북도 단양군 적성면 하리,하리,4733948.211297771,6356533.312769458
충청북도 단양군 적성면 현곡리,현곡리,4735239.734346965,6355804.467125233
충청북도 단양군 적성면 하진리,하진리,4734557.49920635,6354743.372790984
충청북도 단양군 어상천면,어상천면,4746906.50979807,6366251.529189579
충청북도 단양군 어상천면 율곡리,율곡리,4748412.747241596,6363198.021364995
충청북도 단양군 어상천면 심곡리,심곡리,4750634.234489684,6362176.095765772
충청북도 단양군 어상천면 방북리,방북리,4746100.218535292,6363689.515911765
충청북도 단양군 어상천면 덕문곡리,덕문곡리,4743871.36632028,6362719.73917295
충청북도 단양군 어상천면 대전리,대전리,4746333.490947595,6367537.273267719
충청북도 단양군 어상천면 석교리,석교리,4744383.272522486,6369780.370473112
충청북도 단양군 어상천면 연곡리,연곡리,4741738.294042228,6366823.405589951
충청북도 단양군 어상천면 임현리,임현리,4747228.292713015,6366924.399470162
충청북도 단양군 영춘면,영춘면,4762618.897801269,6361382.516131603
충청북도 단양군 영춘면 사지원리,사지원리,4756340.891486527,6363168.877559546
충청북도 단양군 영춘면 장발리,장발리,4754501.520483756,6363258.244051819
충청북도 단양군 영춘면 만종리,만종리,4752168.642572987,6364908.381495767
충청북도 단양군 영춘면 별방리,별방리,4754053.790273922,6364354.95974713
충청북도 단양군 영춘면 사이곡리,사이곡리,4752265.992130493,6366745.277617273
충청북도 단양군 영춘면 유암리,유암리,4752336.379234318,6369162.77047573
충청북도 단양군 영춘면 오사리,오사리,4764930.80316344,6363475.924446381
충청북도 단양군 영춘면 용진리,용진리,4765886.592919441,6361501.358246048
충청북도 단양군 영춘면 동대리,동대리,4769263.814965787,6358477.380692806
충청북도 단양군 영춘면 의풍리,의풍리,4778624.122574126,6357185.194891533
충청북도 단양군 영춘면 백자리,백자리,4761180.674354982,6358445.456812022
충청북도 단양군 영춘면 남천리,남천리,4766551.414522251,6356047.828226164
충청북도 단양군 영춘면 하리,하리,4763966.837324777,6360595.408261969
충청북도 단양군 영춘면 상리,상리,4763719.171737471,6361843.548044783
충청북도 단양군 가곡면,가곡면,4748021.692975425,6359768.956173721
충청북도 단양군 가곡면 향산리,향산리,4753475.866075989,6361229.289790803
충청북도 단양군 가곡면 보발리,보발리,4756007.916403265,6358128.0134395845
충청북도 단양군 가곡면 어의곡리,어의곡리,4753821.377672169,6355511.42270611
충청북도 단양군 가곡면 대대리,대대리,4750665.241138558,6357172.738942602
충청북도 단양군 가곡면 덕천리,덕천리,4744972.965436262,6358365.635745199
충청북도 단양군 가곡면 여천리,여천리,4744495.21238541,6360117.78317724
충청북도 단양군 가곡면 가대리,가대리,4751479.989646386,6360322.03165194
충청북도 단양군 가곡면 사평리,사평리,4748146.754943647,6358628.748767308
충청북도 단양군 대강면,대강면,4740454.266975131,6352128.388305776
충청북도 단양군 대강면 방곡리,방곡리,4732253.350501038,6345600.644356306
충청북도 단양군 대강면 올산리,올산리,4739871.725760554,6344649.010068317
충청북도 단양군 대강면 신구리,신구리,4743525.981937853,6344891.196779944
충청북도 단양군 대강면 무수천리,무수천리,4742229.94810524,6343596.07103032
충청북도 단양군 대강면 남조리,남조리,4744269.895380225,6343773.700695849
충청북도 단양군 대강면 남천리,남천리,4745065.746990263,6343664.675605426
충청북도 단양군 대강면 사동리,사동리,4745311.172495477,6344835.931147057
충청북도 단양군 대강면 장정리,장정리,4743574.146468275,6345027.915981839
충청북도 단양군 대강면 덕촌리,덕촌리,4742438.141714255,6345851.683879381
충청북도 단양군 대강면 미노리,미노리,4740956.189101054,6347777.306632691
충청북도 단양군 대강면 성금리,성금리,4741994.084628733,6347969.227491385
충청북도 단양군 대강면 황정리,황정리,4739707.825629588,6348800.1789575955
충청북도 단양군 대강면 직티리,직티리,4737867.990844497,6349759.789527931
충청북도 단양군 대강면 사인암리,사인암리,4738119.521720505,6349962.130491311
충청북도 단양군 대강면 괴평리,괴평리,4739484.789003441,6350743.780649085
충청북도 단양군 대강면 두음리,두음리,4740301.544924376,6351392.409600873
충청북도 단양군 대강면 용부원리,용부원리,4748662.428685838,6349152.093196609
충청북도 단양군 대강면 당동리,당동리,4741894.384815251,6351802.62359066
충청북도 단양군 대강면 장림리,장림리,4740782.269650863,6352008.479495825
충청북도 단양군 매포읍,매포읍,4737689.423719485,6361970.333263968
충청북도 단양군 매포읍 응실리,응실리,4738608.627169417,6359074.225722944
충청북도 단양군 매포읍 고양리,고양리,4735269.15402533,6366750.370947219
충청북도 단양군 매포읍 삼곡리,삼곡리,4734795.048782624,6366070.312842221
충청북도 단양군 매포읍 가평리,가평리,4735960.574208314,6365743.129807215
충청북도 단양군 매포읍 영천리,영천리,4738337.983494267,6365023.962355865
충청북도 단양군 매포읍 상시리,상시리,4737870.077554175,6364209.188000047
충청북도 단양군 매포읍 하시리,하시리,4738407.881583438,6362340.634780738
충청북도 단양군 매포읍 도곡리,도곡리,4734486.3946905555,6363585.7925953455
충청북도 단양군 매포읍 평동리,평동리,4736401.244209365,6362394.54017305
충청북도 단양군 매포읍 안동리,안동리,4739479.125736074,6361884.303709964
충청북도 단양군 매포읍 상괴리,상괴리,4742166.6304818615,6361944.640353959
충청북도 단양군 매포읍 하괴리,하괴리,4741590.171829814,6359132.562494403
충청북도 단양군 매포읍 우덕리,우덕리,4739931.2446556045,6360483.535897656
충청북도 단양군 매포읍 매포리,매포리,4740408.12589639,6359940.025084454
충청북도 단양군 단양읍,단양읍,4744513.060295859,6356847.719700818
충청북도 단양군 단양읍 고수리,고수리,4746317.234379572,6356674.150014758
충청북도 단양군 단양읍 기촌리,기촌리,4748436.862206297,6355725.572433656
충청북도 단양군 단양읍 금곡리,금곡리,4749444.87322345,6355014.274330662
충청북도 단양군 단양읍 천동리,천동리,4750742.3559229355,6354345.03976413
충청북도 단양군 단양읍 수촌리,수촌리,4749126.21743183,6353751.534957757
충청북도 단양군 단양읍 마조리,마조리,4746193.567043783,6352995.522404459
충청북도 단양군 단양읍 노동리,노동리,4744454.410768812,6354294.879469266
충청북도 단양군 단양읍 장현리,장현리,4743831.305812558,6352708.404284624
충청북도 단양군 단양읍 후곡리,후곡리,4740861.431275367,6353127.983414827
충청북도 단양군 단양읍 도담리,도담리,4744508.085321092,6357851.131154429
충청북도 단양군 단양읍 상진리,상진리,4742441.3777454505,6356693.31913651
충청북도 단양군 단양읍 도전리,도전리,4744043.4638305055,6356287.909663312
충청북도 단양군 단양읍 별곡리,별곡리,4744731.719520406,6356821.478854636
충청북도 단양군 단양읍 증도리,증도리,4740644.980726189,6355864.6728656925
충청북도 단양군 단양읍 심곡리,심곡리,4741449.773985195,6354958.685674341
충청북도 단양군 단양읍 덕상리,덕상리,4739003.582008628,6354287.169720507
충청북도 단양군 단양읍 현천리,현천리,4738225.683165579,6354678.342455571
충청북도 음성군 감곡면,감곡면,4657140.378111099,6382099.610308054
충청북도 음성군 감곡면 단평리,단평리,4658417.729472675,6384497.085760598
충청북도 음성군 감곡면 왕장리,왕장리,4657612.253330539,6383176.491307769
충청북도 음성군 감곡면 상우리,상우리,4661080.485593591,6382670.265313834
충청북도 음성군 감곡면 오궁리,오궁리,4659739.109262815,6381440.238522227
충청북도 음성군 감곡면 문촌리,문촌리,4664630.265481117,6381532.262966066
충청북도 음성군 감곡면 사곡리,사곡리,4661348.66964539,6379998.802080231
충청북도 음성군 감곡면 영산리,영산리,4657607.490949092,6379187.837658747
충청북도 음성군 감곡면 월정리,월정리,4659108.73523918,6377406.660646349
충청북도 음성군 감곡면 상평리,상평리,4655511.042033479,6378467.2833531285
충청북도 음성군 감곡면 원당리,원당리,4652654.252636399,6379866.141224597
충청북도 음성군 감곡면 주천리,주천리,4654098.688128569,6380576.093882998
충청북도 음성군 감곡면 오향리,오향리,4657128.01958865,6381161.008103076
충청북도 음성군 생극면,생극면,4650319.213398928,6376897.104031582
충청북도 음성군 생극면 생리,생리,4654496.172747754,6375297.266326196
충청북도 음성군 생극면 오생리,오생리,4654530.384702869,6373518.139938018
충청북도 음성군 생극면 차곡리,차곡리,4655292.412964829,6376846.4469557665
충청북도 음성군 생극면 차평리,차평리,4651509.329801491,6378127.357972287
충청북도 음성군 생극면 방축리,방축리,4652268.152254477,6378967.485973507
충청북도 음성군 생극면 임곡리,임곡리,4647747.2619488975,6379515.3637806075
충청북도 음성군 생극면 송곡리,송곡리,4650314.850177712,6379154.234926276
충청북도 음성군 생극면 팔성리,팔성리,4648213.993855077,6377902.200648122
충청북도 음성군 생극면 관성리,관성리,4645418.395839303,6377344.542246031
충청북도 음성군 생극면 도신리,도신리,4649566.324829452,6375492.424256733
충청북도 음성군 생극면 병암리,병암리,4648690.565940145,6376250.389400121
충청북도 음성군 생극면 신양리,신양리,4651767.707382176,6376281.361597511
충청북도 음성군 삼성면,삼성면,4636006.193840629,6377822.121450104
충청북도 음성군 삼성면 대야리,대야리,4637893.966607504,6379228.171570117
충청북도 음성군 삼성면 용대리,용대리,4640093.946772105,6379562.785567308
충청북도 음성군 삼성면 능산리,능산리,4641147.708884855,6378260.847205724
충청북도 음성군 삼성면 대정리,대정리,4639530.838870133,6377943.613692033
충청북도 음성군 삼성면 선정리,선정리,4636450.420597474,6376260.030660616
충청북도 음성군 삼성면 천평리,천평리,4635994.732945721,6375083.0259004235
충청북도 음성군 삼성면 청용리,청용리,4632657.800021467,6376590.680079529
충청북도 음성군 삼성면 상곡리,상곡리,4631313.6127833165,6377603.066130268
충청북도 음성군 삼성면 용성리,용성리,4633846.175059414,6377628.993452553
충청북도 음성군 삼성면 대사리,대사리,4633703.9474490965,6380196.582601704
충청북도 음성군 삼성면 양덕리,양덕리,4635624.601959314,6379188.071725695
충청북도 음성군 삼성면 덕정리,덕정리,4637218.4825449,6377620.717862233
충청북도 음성군 대소면,대소면,4633193.875620816,6374548.844957997
충청북도 음성군 대소면 대풍리,대풍리,4630300.3043537,6375446.801509507
충청북도 음성군 대소면 오류리,오류리,4632307.222405829,6375256.014195535
충청북도 음성군 대소면 내산리,내산리,4629219.89762428,6373987.438218129
충청북도 음성군 대소면 삼호리,삼호리,4631158.698514203,6373590.470198832
충청북도 음성군 대소면 미곡리,미곡리,4631801.132372167,6372449.080495637
충청북도 음성군 대소면 삼정리,삼정리,4633899.891839501,6373074.92987872
충청북도 음성군 대소면 수태리,수태리,4634915.146460465,6371726.062883131
충청북도 음성군 대소면 부윤리,부윤리,4637536.689205522,6371936.9399373485
충청북도 음성군 대소면 성본리,성본리,4638743.909475617,6373260.011929825
충청북도 음성군 대소면 소석리,소석리,4636238.633339923,6373028.573204589
충청북도 음성군 대소면 태생리,태생리,4634860.873382008,6374291.998395082
충청북도 음성군 대소면 오산리,오산리,4632820.898470057,6373994.454005782
충청북도 음성군 맹동면,맹동면,4641755.352160329,6369850.580862928
충청북도 음성군 맹동면 동성리,동성리,4638242.653464743,6368962.087058763
충청북도 음성군 맹동면 군자리,군자리,4643161.795363392,6368414.636663338
충청북도 음성군 맹동면 통동리,통동리,4641753.677524203,6366783.485914039
충청북도 음성군 맹동면 두성리,두성리,4639603.00774873,6368575.427754922
충청북도 음성군 맹동면 본성리,본성리,4638606.968511497,6369617.293614985
충청북도 음성군 맹동면 신돈리,신돈리,4637069.448073793,6369593.392757085
충청북도 음성군 맹동면 용촌리,용촌리,4637301.954892842,6370665.251143534
충청북도 음성군 맹동면 봉현리,봉현리,4639337.852506033,6371373.040704562
충청북도 음성군 맹동면 마산리,마산리,4640118.285126256,6370588.50628361
충청북도 음성군 맹동면 인곡리,인곡리,4643214.231095006,6370714.193811386
충청북도 음성군 맹동면 쌍정리,쌍정리,4641457.13895961,6369588.194419743
충청북도 음성군 원남면,원남면,4650760.8864006875,6363983.004719945
충청북도 음성군 원남면 덕정리,덕정리,4649475.203092288,6365663.529559787
충청북도 음성군 원남면 삼용리,삼용리,4645529.488748309,6366155.936215564
충청북도 음성군 원남면 조촌리,조촌리,4645497.710399227,6364300.083208656
충청북도 음성군 원남면 문암리,문암리,4647143.880542585,6362535.712208101
충청북도 음성군 원남면 주봉리,주봉리,4654071.815289881,6362732.9045889685
충청북도 음성군 원남면 구안리,구안리,4658758.623763415,6363507.341350143
충청북도 음성군 원남면 하노리,하노리,4657817.736151251,6365072.654913308
충청북도 음성군 원남면 상노리,상노리,4655876.783500373,6364358.436942421
충청북도 음성군 원남면 하당리,하당리,4654252.687686733,6365921.04767457
충청북도 음성군 원남면 상당리,상당리,4653941.861174437,6365095.626874774
충청북도 음성군 원남면 마송리,마송리,4652468.144628516,6363613.948908665
충청북도 음성군 원남면 보룡리,보룡리,4651920.419715745,6364597.043746891
충청북도 음성군 원남면 보천리,보천리,4649953.870854775,6363869.880871692
충청북도 음성군 소이면,소이면,4665726.850152141,6365412.263546585
충청북도 음성군 소이면 비산리,비산리,4664260.609547866,6367409.529848334
충청북도 음성군 소이면 충도리,충도리,4661298.135232873,6364739.907093405
충청북도 음성군 소이면 금고리,금고리,4664158.880820192,6364972.313792063
충청북도 음성군 소이면 봉전리,봉전리,4664969.7752429275,6364015.605747316
충청북도 음성군 소이면 갑산리,갑산리,4664024.338354259,6362763.196135785
충청북도 음성군 소이면 문등리,문등리,4668862.55529404,6363819.37960697
충청북도 음성군 소이면 중동리,중동리,4667517.674883776,6362689.457261825
충청북도 음성군 소이면 후미리,후미리,4667811.8197017675,6365423.298313269
충청북도 음성군 소이면 대장리,대장리,4664797.558100045,6365916.542374643
충청북도 음성군 금왕읍,금왕읍,4646538.599230136,6374080.71702318
충청북도 음성군 금왕읍 행제리,행제리,4639132.363228782,6375739.028515991
충청북도 음성군 금왕읍 삼봉리,삼봉리,4640448.659680544,6371812.32715026
충청북도 음성군 금왕읍 각회리,각회리,4645949.2264935635,6375217.378056164
충청북도 음성군 금왕읍 내송리,내송리,4644268.490760045,6374557.673986665
충청북도 음성군 금왕읍 도청리,도청리,4642241.246699764,6374214.143823095
충청북도 음성군 금왕읍 오선리,오선리,4643356.1533090575,6373487.05440887
충청북도 음성군 금왕읍 유포리,유포리,4641185.870107018,6372897.502232036
충청북도 음성군 금왕읍 쌍봉리,쌍봉리,4642958.201601065,6375831.239925321
충청북도 음성군 금왕읍 호산리,호산리,4643491.752936652,6378388.166531928
충청북도 음성군 금왕읍 구계리,구계리,4642513.597314629,6377015.956087886
충청북도 음성군 금왕읍 사창리,사창리,4639848.725884343,6376345.835527659
충청북도 음성군 금왕읍 내곡리,내곡리,4641750.877554695,6376268.565060227
충청북도 음성군 금왕읍 본대리,본대리,4639047.549168686,6374782.345883032
충청북도 음성군 금왕읍 신평리,신평리,4641299.634086474,6374975.594088426
충청북도 음성군 금왕읍 유촌리,유촌리,4642499.325903485,6372137.680414545
충청북도 음성군 금왕읍 봉곡리,봉곡리,4644740.630068275,6371990.917798281
충청북도 음성군 금왕읍 용계리,용계리,4646265.419817582,6372561.137945216
충청북도 음성군 금왕읍 백야리,백야리,4648010.718972658,6371074.8229467925
충청북도 음성군 금왕읍 육령리,육령리,4651705.653285916,6373484.407085465
충청북도 음성군 금왕읍 정생리,정생리,4649062.730568067,6374975.920741776
충청북도 음성군 금왕읍 금석리,금석리,4648888.178672712,6373454.153629763
충청북도 음성군 금왕읍 무극리,무극리,4647215.976206294,6374084.399448203
충청북도 음성군 음성읍,음성읍,4656220.649954738,6367605.340280096
충청북도 음성군 음성읍 삼생리,삼생리,4645551.818074185,6367973.322019643
충청북도 음성군 음성읍 동음리,동음리,4646966.358256905,6369123.051452856
충청북도 음성군 음성읍 초천리,초천리,4651057.5893063005,6367541.143509491
충청북도 음성군 음성읍 신천리,신천리,4655555.403087158,6367141.047201478
충청북도 음성군 음성읍 소여리,소여리,4652962.991961775,6368961.336097796
충청북도 음성군 음성읍 감우리,감우리,4651898.5750877885,6370377.812573204
충청북도 음성군 음성읍 사정리,사정리,4652151.386940867,6371693.88125312
충청북도 음성군 음성읍 용산리,용산리,4657213.2271905,6369793.1333801085
충청북도 음성군 음성읍 한벌리,한벌리,4660245.1148234485,6368471.621026265
충청북도 음성군 음성읍 석인리,석인리,4661328.69849913,6366254.890732781
충청북도 음성군 음성읍 평곡리,평곡리,4659467.392279286,6366391.4174871035
충청북도 음성군 음성읍 읍내리,읍내리,4658388.328607165,6367785.755789802
충청북도 괴산군 불정면,불정면,4676152.9554117955,6359364.336614956
충청북도 괴산군 불정면 세평리,세평리,4670962.010749124,6359245.414974929
충청북도 괴산군 불정면 지장리,지장리,4673328.663786767,6358873.1267757565
충청북도 괴산군 불정면 신흥리,신흥리,4668787.3040624,6360458.253530173
충청북도 괴산군 불정면 앵천리,앵천리,4670161.344400159,6362105.498527783
충청북도 괴산군 불정면 하문리,하문리,4678980.176203419,6359708.522284858
충청북도 괴산군 불정면 웅동리,웅동리,4671174.239786117,6363283.495868779
충청북도 괴산군 불정면 삼방리,삼방리,4671096.739001703,6365168.310281126
충청북도 괴산군 불정면 외령리,외령리,4674354.547484739,6364329.523428592
충청북도 괴산군 불정면 추산리,추산리,4672906.534244224,6362622.8039290225
충청북도 괴산군 불정면 탑촌리,탑촌리,4674553.7683435995,6361778.31940197
충청북도 괴산군 불정면 창산리,창산리,4676822.965741838,6361121.113979311
충청북도 괴산군 불정면 목도리,목도리,4674268.42042305,6359925.422341854
충청북도 괴산군 소수면,소수면,4662079.182964199,6360498.070079365
충청북도 괴산군 소수면 길선리,길선리,4659334.1921095075,6361766.597521787
충청북도 괴산군 소수면 옥현리,옥현리,4656549.452896911,6362548.218041538
충청북도 괴산군 소수면 몽촌리,몽촌리,4655961.899481589,6361308.330432145
충청북도 괴산군 소수면 소암리,소암리,4656348.559635731,6360741.098186218
충청북도 괴산군 소수면 고마리,고마리,4660524.48321072,6358914.109420768
충청북도 괴산군 소수면 아성리,아성리,4664290.8910281155,6358217.609454622
충청북도 괴산군 소수면 입암리,입암리,4662163.49178753,6359695.572162788
충청북도 괴산군 소수면 수리,수리,4662858.542420199,6361069.072296293
충청북도 괴산군 사리면,사리면,4648982.9619379835,6359540.866949069
충청북도 괴산군 사리면 화산리,화산리,4659000.92319816,6357332.782637319
충청북도 괴산군 사리면 이곡리,이곡리,4657205.804324783,6356889.2602321785
충청북도 괴산군 사리면 수암리,수암리,4653780.036200624,6357388.386763823
충청북도 괴산군 사리면 방축리,방축리,4649563.673696206,6358503.211998547
충청북도 괴산군 사리면 중흥리,중흥리,4648380.976934958,6360577.55326089
충청북도 괴산군 사리면 노송리,노송리,4650027.471169042,6361929.87072029
충청북도 괴산군 사리면 소매리,소매리,4651768.747226131,6360824.98683932
충청북도 괴산군 사리면 사담리,사담리,4650306.831922395,6359398.903659662
충청북도 괴산군 청안면,청안면,4646482.094549025,6356324.304026305
충청북도 괴산군 청안면 장암리,장암리,4654321.428794658,6354242.711438001
충청북도 괴산군 청안면 부흥리,부흥리,4654923.292064841,6348989.677899272
충청북도 괴산군 청안면 백봉리,백봉리,4653576.881907572,6351434.875120715
충청북도 괴산군 청안면 운곡리,운곡리,4652411.137867829,6352473.659831302
충청북도 괴산군 청안면 문당리,문당리,4650956.6832342185,6353810.309819035
충청북도 괴산군 청안면 청용리,청용리,4646142.200282909,6357709.315653814
충청북도 괴산군 청안면 조천리,조천리,4649440.788815448,6356888.22368395
충청북도 괴산군 청안면 효근리,효근리,4648598.940293384,6355329.588435724
충청북도 괴산군 청안면 문방리,문방리,4646974.762804473,6354134.722797799
충청북도 괴산군 청안면 금신리,금신리,4645703.379623061,6356133.88883284
충청북도 괴산군 청안면 읍내리,읍내리,4646940.536612705,6356386.609632727
충청북도 괴산군 청천면,청천면,4655113.036635822,6345787.397877115
충청북도 괴산군 청천면 삼송리,삼송리,4673917.289212603,6339851.103716069
충청북도 괴산군 청천면 관평리,관평리,4676568.563533233,6344901.904939203
충청북도 괴산군 청천면 사기막리,사기막리,4669985.519260969,6346114.789113894
충청북도 괴산군 청천면 이평리,이평리,4670239.677196036,6342517.71720638
충청북도 괴산군 청천면 송면리,송면리,4669675.979145423,6344452.745733693
충청북도 괴산군 청천면 후영리,후영리,4666351.140648003,6346810.301837492
충청북도 괴산군 청천면 화양리,화양리,4665337.032500825,6344473.668073777
충청북도 괴산군 청천면 대티리,대티리,4663183.630577964,6347689.670060747
충청북도 괴산군 청천면 운교리,운교리,4669592.635390511,6347597.266477601
충청북도 괴산군 청천면 지촌리,지촌리,4666039.11718674,6348389.779167897
충청북도 괴산군 청천면 거봉리,거봉리,4662516.899167859,6348822.587448641
충청북도 괴산군 청천면 덕평리,덕평리,4665237.444767261,6349791.917342756
충청북도 괴산군 청천면 지경리,지경리,4657549.7558402745,6352272.564191088
충청북도 괴산군 청천면 대전리,대전리,4662695.732519804,6350334.777154818
충청북도 괴산군 청천면 여사왕리,여사왕리,4660295.449309867,6350932.676940065
충청북도 괴산군 청천면 부성리,부성리,4657050.868433627,6351242.826414033
충청북도 괴산군 청천면 삼락리,삼락리,4657120.862260205,6350016.660499598
충청북도 괴산군 청천면 월문리,월문리,4658284.199005375,6349104.734346717
충청북도 괴산군 청천면 금평리,금평리,4657168.4435782395,6346958.8884629635
충청북도 괴산군 청천면 무릉리,무릉리,4659887.425877192,6348146.661377558
충청북도 괴산군 청천면 도원리,도원리,4660489.758886087,6346570.128654997
충청북도 괴산군 청천면 고성리,고성리,4661418.878027195,6344377.263962548
충청북도 괴산군 청천면 사담리,사담리,4664793.752171387,6340904.268362903
충청북도 괴산군 청천면 상신리,상신리,4660742.054605117,6341960.915419932
충청북도 괴산군 청천면 신월리,신월리,4659401.332154785,6343125.148702431
충청북도 괴산군 청천면 평단리,평단리,4657867.234994362,6341894.66153724
충청북도 괴산군 청천면 귀만리,귀만리,4656964.069468424,6343428.143791633
충청북도 괴산군 청천면 강평리,강평리,4655397.525653693,6344299.841357938
충청북도 괴산군 청천면 후평리,후평리,4658159.819747161,6344455.958413266
충청북도 괴산군 청천면 선평리,선평리,4653523.391519259,6345455.701971775
충청북도 괴산군 청천면 청천리,청천리,4654454.412700907,6346652.614696389
충청북도 괴산군 문광면,문광면,4665046.917027879,6354619.21233377
충청북도 괴산군 문광면 옥성리,옥성리,4666539.958684875,6352199.729005577
충청북도 괴산군 문광면 흑석리,흑석리,4667157.479444563,6350052.7488118885
충청북도 괴산군 문광면 방성리,방성리,4663143.33693942,6351662.368663499
충청북도 괴산군 문광면 양곡리,양곡리,4658168.346082828,6353607.699360082
충청북도 괴산군 문광면 신기리,신기리,4660954.784969714,6353763.828116821
충청북도 괴산군 문광면 문법리,문법리,4661701.585068423,6355384.2228440195
충청북도 괴산군 문광면 유평리,유평리,4659417.384430665,6355595.181177727
충청북도 괴산군 문광면 대명리,대명리,4662378.111003998,6356497.84891577
충청북도 괴산군 문광면 송평리,송평리,4663327.402330376,6355033.6250548875
충청북도 괴산군 문광면 광덕리,광덕리,4665685.872715691,6353669.278632103
충청북도 괴산군 칠성면,칠성면,4674841.689026279,6352776.270949802
충청북도 괴산군 칠성면 태성리,태성리,4680914.120139524,6349874.248807844
충청북도 괴산군 칠성면 갈읍리,갈읍리,4674183.050064716,6353292.320057992
충청북도 괴산군 칠성면 두천리,두천리,4671791.857932617,6353923.591936588
충청북도 괴산군 칠성면 송동리,송동리,4670315.022045573,6353532.840309883
충청북도 괴산군 칠성면 외사리,외사리,4671102.981508199,6352024.314556507
충청북도 괴산군 칠성면 사은리,사은리,4671107.5012119375,6351372.131895607
충청북도 괴산군 칠성면 율원리,율원리,4673197.927096647,6351535.144693562
충청북도 괴산군 칠성면 율지리,율지리,4675078.662077317,6351270.010821649
충청북도 괴산군 칠성면 쌍곡리,쌍곡리,4677808.835644088,6348620.323606343
충청북도 괴산군 칠성면 비도리,비도리,4678031.8062887555,6352626.310282372
충청북도 괴산군 칠성면 사평리,사평리,4676267.652932914,6352929.682027742
충청북도 괴산군 칠성면 도정리,도정리,4675053.101681374,6352524.293925165
충청북도 괴산군 연풍면,연풍면,4691199.91992413,6348066.315502581
충청북도 괴산군 연풍면 적석리,적석리,4686305.677605114,6348339.526914337
충청북도 괴산군 연풍면 갈금리,갈금리,4684767.124029779,6350195.530024351
충청북도 괴산군 연풍면 유하리,유하리,4688561.427107561,6349367.466042456
충청북도 괴산군 연풍면 유상리,유상리,4690260.53596602,6351110.443509445
충청북도 괴산군 연풍면 원풍리,원풍리,4695757.1600816045,6349782.676213039
충청북도 괴산군 연풍면 분지리,분지리,4694893.61178288,6344021.654216816
충청북도 괴산군 연풍면 주진리,주진리,4689664.800083702,6345974.7577029085
충청북도 괴산군 연풍면 행촌리,행촌리,4692650.118832381,6347891.76208969
충청북도 괴산군 연풍면 삼풍리,삼풍리,4690333.372956432,6347312.14372417
충청북도 괴산군 장연면,장연면,4687339.780793068,6353544.880909256
충청북도 괴산군 장연면 송덕리,송덕리,4684245.438529206,6351387.8034497155
충청북도 괴산군 장연면 장암리,장암리,4681184.858173523,6352688.9892740715
충청북도 괴산군 장연면 조곡리,조곡리,4681902.310796649,6359270.854378589
충청북도 괴산군 장연면 광진리,광진리,4685971.32846246,6358112.1672219485
충청북도 괴산군 장연면 방곡리,방곡리,4684049.840458699,6356293.533743915
충청북도 괴산군 장연면 추점리,추점리,4688051.2375993775,6355815.407233132
충청북도 괴산군 장연면 오가리,오가리,4687036.694783942,6353191.064950736
충청북도 괴산군 감물면,감물면,4677689.429424476,6356266.812914942
충청북도 괴산군 감물면 매전리,매전리,4680529.825350545,6354246.750552981
충청북도 괴산군 감물면 광전리,광전리,4678133.978371351,6355628.658137842
충청북도 괴산군 감물면 백양리,백양리,4679310.838950013,6356830.785557272
충청북도 괴산군 감물면 구월리,구월리,4681308.67559482,6357784.558821509
충청북도 괴산군 감물면 이담리,이담리,4677398.746740537,6358353.8058596775
충청북도 괴산군 감물면 오창리,오창리,4675241.974638765,6358061.636418357
충청북도 괴산군 감물면 오성리,오성리,4674985.1957704425,6356192.099977553
충청북도 괴산군 괴산읍,괴산읍,4667328.7985056965,6356076.239468656
충청북도 괴산군 괴산읍 검승리,검승리,4673649.569072529,6355258.077962987
충청북도 괴산군 괴산읍 대사리,대사리,4665038.43954877,6355331.3344315905
충청북도 괴산군 괴산읍 대덕리,대덕리,4669016.299010865,6355723.946828206
충청북도 괴산군 괴산읍 제월리,제월리,4671127.876518902,6356005.624045074
충청북도 괴산군 괴산읍 능촌리,능촌리,4673165.594299547,6357302.477978517
충청북도 괴산군 괴산읍 사창리,사창리,4670336.305271787,6358247.418879267
충청북도 괴산군 괴산읍 신항리,신항리,4666017.97618173,6359711.298849373
충청북도 괴산군 괴산읍 신기리,신기리,4668409.766614688,6358683.252451314
충청북도 괴산군 괴산읍 정용리,정용리,4662862.756779229,6357240.1016162345
충청북도 괴산군 괴산읍 서부리,서부리,4665527.007343355,6356700.17543105
충청북도 괴산군 괴산읍 동부리,동부리,4667452.558672578,6356123.764896818
충청북도 진천군 광혜원면,광혜원면,4627943.669852791,6377068.382162191
충청북도 진천군 광혜원면 광혜원리,광혜원리,4628087.332072716,6376657.0995305525
충청북도 진천군 광혜원면 실원리,실원리,4627765.856441068,6377699.844788249
충청북도 진천군 광혜원면 구암리,구암리,4624008.991322166,6376905.378316292
충청북도 진천군 광혜원면 죽현리,죽현리,4624698.907702371,6374410.176001461
충청북도 진천군 광혜원면 회죽리,회죽리,4626283.809440345,6375651.004074723
충청북도 진천군 광혜원면 월성리,월성리,4629109.293632157,6375231.971957641
충청북도 진천군 광혜원면 금곡리,금곡리,4627689.495572335,6374606.649880404
충청북도 진천군 이월면,이월면,4625072.762219911,6372131.028870537
충청북도 진천군 이월면 내촌리,내촌리,4627028.390074934,6373020.417860564
충청북도 진천군 이월면 사당리,사당리,4628728.641223316,6372660.461538821
충청북도 진천군 이월면 신계리,신계리,4621866.407980431,6374357.994619204
충청북도 진천군 이월면 미잠리,미잠리,4629797.06016281,6372286.494925969
충청북도 진천군 이월면 신월리,신월리,4629295.908507412,6370988.582574346
충청북도 진천군 이월면 삼용리,삼용리,4629148.9070084365,6369283.69588952
충청북도 진천군 이월면 동성리,동성리,4627553.702550356,6369184.027479362
충청북도 진천군 이월면 송림리,송림리,4624036.498966551,6372887.2396363225
충청북도 진천군 이월면 장양리,장양리,4626313.98414402,6372000.4270796245
충청북도 진천군 이월면 노원리,노원리,4623361.8654268505,6371496.552293428
충청북도 진천군 이월면 중산리,중산리,4626537.212077353,6370149.028750669
충청북도 진천군 이월면 사곡리,사곡리,4623514.217352494,6369372.377399656
충청북도 진천군 백곡면,백곡면,4617497.053024701,6369982.400188798
충청북도 진천군 백곡면 사송리,사송리,4617995.168200086,6368734.324487917
충청북도 진천군 백곡면 명암리,명암리,4620043.1210799785,6371510.697427073
충청북도 진천군 백곡면 대문리,대문리,4611697.031948469,6369655.002127757
충청북도 진천군 백곡면 갈월리,갈월리,4610221.21564299,6372228.4951493805
충청북도 진천군 백곡면 구수리,구수리,4614180.429012163,6370640.712127892
충청북도 진천군 백곡면 양백리,양백리,4611615.075308305,6373690.54444633
충청북도 진천군 백곡면 성대리,성대리,4616796.339765431,6373580.594594753
충청북도 진천군 백곡면 용덕리,용덕리,4614325.598438535,6371995.65757011
충청북도 진천군 백곡면 석현리,석현리,4616627.660568193,6369723.335800828
충청북도 진천군 문백면,문백면,4621955.101637115,6361382.266006314
충청북도 진천군 문백면 태락리,태락리,4621914.453901932,6363130.82538711
충청북도 진천군 문백면 옥성리,옥성리,4623852.815037872,6362067.822367504
충청북도 진천군 문백면 도하리,도하리,4621725.224161307,6359739.541676622
충청북도 진천군 문백면 은탄리,은탄리,4625903.825641672,6360858.507468903
충청북도 진천군 문백면 봉죽리,봉죽리,4620617.186188251,6361657.432694087
충청북도 진천군 문백면 계산리,계산리,4618704.489116905,6361252.008993616
충청북도 진천군 문백면 평산리,평산리,4627897.786077946,6362693.657818353
충청북도 진천군 문백면 장월리,장월리,4628477.488661117,6364698.1925539775
충청북도 진천군 문백면 사양리,사양리,4626853.259359286,6363908.268335414
충청북도 진천군 문백면 문덕리,문덕리,4624191.210131371,6364836.622506525
충청북도 진천군 초평면,초평면,4634743.782009256,6364217.905709103
충청북도 진천군 초평면 중석리,중석리,4630781.55687111,6365124.338242978
충청북도 진천군 초평면 진암리,진암리,4631858.7366756825,6359151.257027836
충청북도 진천군 초평면 은암리,은암리,4632605.548038261,6360279.7819330245
충청북도 진천군 초평면 용산리,용산리,4634505.919649694,6359759.74614168
충청북도 진천군 초평면 용기리,용기리,4636142.286245266,6359281.756499489
충청북도 진천군 초평면 연담리,연담리,4629578.576071691,6360813.633447401
충청북도 진천군 초평면 오갑리,오갑리,4633278.107284467,6365602.636564024
충청북도 진천군 초평면 금곡리,금곡리,4637472.204265698,6365594.412086945
충청북도 진천군 초평면 용정리,용정리,4634662.607128666,6363288.841571082
충청북도 진천군 초평면 화산리,화산리,4632756.799665064,6362427.571416054
충청북도 진천군 초평면 영구리,영구리,4637415.225891061,6363907.493981203
충청북도 진천군 초평면 신통리,신통리,4639978.774260155,6364369.120214736
충청북도 진천군 덕산면,덕산면,4634666.514087437,6369665.556909567
충청북도 진천군 덕산면 합목리,합목리,4632658.5180453025,6369220.244342348
충청북도 진천군 덕산면 한천리,한천리,4633932.217089432,6369398.528490985
충청북도 진천군 덕산면 용몽리,용몽리,4635258.260874148,6369604.516198749
충청북도 진천군 덕산면 신척리,신척리,4633070.442350449,6370798.626540712
충청북도 진천군 덕산면 구산리,구산리,4635161.381983787,6366711.943121887
충청북도 진천군 덕산면 기전리,기전리,4636646.925575409,6367315.636147011
충청북도 진천군 덕산면 석장리,석장리,4635038.472779538,6367881.773119878
충청북도 진천군 덕산면 두촌리,두촌리,4638414.448972245,6367802.574301753
충청북도 진천군 덕산면 인산리,인산리,4631270.46137165,6366845.766495918
충청북도 진천군 덕산면 산수리,산수리,4630688.835233125,6368481.140995528
충청북도 진천군 덕산면 화상리,화상리,4632390.58402099,6367787.096745659
충청북도 진천군 덕산면 옥동리,옥동리,4634749.993854183,6368526.007870566
충청북도 진천군 진천읍,진천읍,4624540.648412459,6366568.435708465
충청북도 진천군 진천읍 산척리,산척리,4630450.721883527,6365937.107529479
충청북도 진천군 진천읍 상신리,상신리,4629356.683664046,6366838.981627924
충청북도 진천군 진천읍 가산리,가산리,4628218.104385121,6368353.127002079
충청북도 진천군 진천읍 송두리,송두리,4626812.2768316185,6368104.589967881
충청북도 진천군 진천읍 삼덕리,삼덕리,4628508.1161271725,6366087.461502042
충청북도 진천군 진천읍 연곡리,연곡리,4613296.088632979,6367415.066585972
충청북도 진천군 진천읍 금암리,금암리,4615529.443199825,6365262.991197536
충청북도 진천군 진천읍 상계리,상계리,4615756.426670849,6366385.600176523
충청북도 진천군 진천읍 문봉리,문봉리,4618263.269023026,6366594.957293925
충청북도 진천군 진천읍 사석리,사석리,4620273.363232523,6364965.848705318
충청북도 진천군 진천읍 지암리,지암리,4619162.314347343,6364012.314411456
충청북도 진천군 진천읍 건송리,건송리,4619943.837675956,6368460.326479677
충청북도 진천군 진천읍 장관리,장관리,4623088.448152182,6368133.888800565
충청북도 진천군 진천읍 행정리,행정리,4620993.385193092,6366999.694900867
충청북도 진천군 진천읍 벽암리,벽암리,4623202.79390287,6367009.237455731
충청북도 진천군 진천읍 성석리,성석리,4626314.989900119,6366963.544215591
충청북도 진천군 진천읍 읍내리,읍내리,4625000.380237368,6366759.280345815
충청북도 진천군 진천읍 원덕리,원덕리,4622419.077545488,6365174.420518631
충청북도 진천군 진천읍 신정리,신정리,4626455.352029496,6365728.0411980525
충청북도 진천군 진천읍 교성리,교성리,4623106.625406791,6366275.878315395
충청북도 증평군 도안면,도안면,4644448.84514149,6360010.562386087
충청북도 증평군 도안면 도당리,도당리,4645898.422822,6359002.54103956
충청북도 증평군 도안면 석곡리,석곡리,4646027.201346434,6360360.301555852
충청북도 증평군 도안면 광덕리,광덕리,4646977.074304857,6361344.309607164
충청북도 증평군 도안면 송정리,송정리,4644026.4707265375,6362255.398067719
충청북도 증평군 도안면 연촌리,연촌리,4641674.484237185,6362927.19744716
충청북도 증평군 도안면 노암리,노암리,4642772.040893232,6361383.127596814
충청북도 증평군 도안면 화성리,화성리,4644463.209580243,6359842.072966859
충청북도 증평군 증평읍,증평읍,4639681.418855618,6358525.006136552
충청북도 증평군 증평읍 남하리,남하리,4641191.487242502,6355991.873658567
충청북도 증평군 증평읍 죽리,죽리,4641976.414899731,6355104.996679927
충청북도 증평군 증평읍 율리,율리,4644760.609719631,6352163.493345545
충청북도 증평군 증평읍 남차리,남차리,4643209.124439394,6353884.333814219
충청북도 증평군 증평읍 덕상리,덕상리,4643458.101284097,6355264.023427704
충청북도 증평군 증평읍 용강리,용강리,4643252.669972651,6356943.189687183
충청북도 증평군 증평읍 사곡리,사곡리,4643035.336664682,6358259.171292375
충청북도 증평군 증평읍 미암리,미암리,4641401.198284299,6359984.948824619
충청북도 증평군 증평읍 송산리,송산리,4639640.214908501,6359920.776945509
충청북도 증평군 증평읍 연탄리,연탄리,4636963.068870824,6360145.23878346
충청북도 증평군 증평읍 초중리,초중리,4638444.602386901,6357620.633717381
충청북도 증평군 증평읍 내성리,내성리,4640346.235642127,6357392.839035731
충청북도 증평군 증평읍 증천리,증천리,4641102.537184098,6357965.407899756
충청북도 증평군 증평읍 장동리,장동리,4640540.3369230125,6358586.673739311
충청북도 증평군 증평읍 창동리,창동리,4639252.601836648,6358558.62497577
충청북도 증평군 증평읍 신동리,신동리,4639430.90208103,6358136.5098652635
충청북도 증평군 증평읍 대동리,대동리,4639911.325865107,6358299.7357937405
충청북도 증평군 증평읍 중동리,중동리,4639755.34099643,6358351.013186989
충청북도 증평군 증평읍 교동리,교동리,4640126.317947804,6358441.233823651
충청북도 증평군 증평읍 증평리,증평리,4640133.775060598,6358158.050844505
충청북도 영동군 심천면,심천면,4639524.993306766,6314189.913947662
충청북도 영동군 심천면 용당리,용당리,4640675.960377334,6312795.926787714
충청북도 영동군 심천면 초강리,초강리,4638581.123929289,6312895.092136484
충청북도 영동군 심천면 각계리,각계리,4640859.597041882,6311698.651312685
충청북도 영동군 심천면 약목리,약목리,4638579.6483646715,6311113.496424407
충청북도 영동군 심천면 금정리,금정리,4636250.055592611,6311172.653315098
충청북도 영동군 심천면 명천리,명천리,4636360.653180041,6309501.131344783
충청북도 영동군 심천면 기호리,기호리,4635377.573825408,6310591.897911376
충청북도 영동군 심천면 마곡리,마곡리,4630659.81177753,6312888.84348169
충청북도 영동군 심천면 고당리,고당리,4636411.862310956,6313345.462123596
충청북도 영동군 심천면 장동리,장동리,4634837.001136131,6314145.084480838
충청북도 영동군 심천면 구탄리,구탄리,4636997.887624289,6314979.118706091
충청북도 영동군 심천면 길현리,길현리,4642885.01376084,6315423.983926285
충청북도 영동군 심천면 단전리,단전리,4642449.577225409,6313813.803631677
충청북도 영동군 심천면 심천리,심천리,4639389.844104373,6314520.62519384
충청북도 영동군 양산면,양산면,4629260.5066101,6306726.717804455
충청북도 영동군 양산면 가선리,가선리,4621975.644419501,6309393.018470261
충청북도 영동군 양산면 누교리,누교리,4625529.962404555,6311216.021028718
충청북도 영동군 양산면 호탄리,호탄리,4625420.589983659,6308501.902636236
충청북도 영동군 양산면 수두리,수두리,4628132.381451036,6308603.330269231
충청북도 영동군 양산면 송호리,송호리,4630314.740988934,6307002.106584991
충청북도 영동군 양산면 죽산리,죽산리,4630508.769112152,6309616.838260993
충청북도 영동군 양산면 봉곡리,봉곡리,4631454.379711959,6307444.481854174
충청북도 영동군 양산면 원당리,원당리,4630836.494195903,6306121.523988593
충청북도 영동군 양산면 가곡리,가곡리,4628870.652722149,6306807.09585189
충청북도 영동군 학산면,학산면,4630429.768961645,6304626.128039199
충청북도 영동군 학산면 도덕리,도덕리,4638081.312851387,6301679.025689265
충청북도 영동군 학산면 범화리,범화리,4635026.388162163,6303620.467098854
충청북도 영동군 학산면 봉림리,봉림리,4634794.358516929,6304885.233558886
충청북도 영동군 학산면 박계리,박계리,4628541.902267818,6305461.032293938
충청북도 영동군 학산면 지내리,지내리,4625374.931388199,6305801.469615337
충청북도 영동군 학산면 황산리,황산리,4625188.18230531,6303838.6558851795
충청북도 영동군 학산면 봉소리,봉소리,4626487.83764104,6302073.517964904
충청북도 영동군 학산면 아암리,아암리,4630963.429769314,6302567.607312149
충청북도 영동군 학산면 학산리,학산리,4628571.833773071,6304184.445033643
충청북도 영동군 학산면 서산리,서산리,4631409.527197897,6303780.793655495
충청북도 영동군 용화면,용화면,4637835.56106517,6296715.994383906
충청북도 영동군 용화면 자계리,자계리,4638524.48091446,6299886.033385966
충청북도 영동군 용화면 여의리,여의리,4632004.907925671,6299621.093505751
충청북도 영동군 용화면 용강리,용강리,4636230.130435196,6297769.239932426
충청북도 영동군 용화면 월전리,월전리,4640636.682501139,6296793.306732766
충청북도 영동군 용화면 안정리,안정리,4643136.443419542,6296980.175082694
충청북도 영동군 용화면 조동리,조동리,4644920.014641573,6298070.9323763065
충청북도 영동군 용화면 용화리,용화리,4638648.145901546,6297804.919941633
충청북도 영동군 양강면,양강면,4640311.200474426,6307020.280200764
충청북도 영동군 양강면 묘동리,묘동리,4639043.155154947,6306372.618049014
충청북도 영동군 양강면 구강리,구강리,4634355.450794217,6308451.808998826
충청북도 영동군 양강면 두평리,두평리,4634380.366985661,6307264.819743941
충청북도 영동군 양강면 묵정리,묵정리,4634248.103799274,6306249.578196876
충청북도 영동군 양강면 만계리,만계리,4636943.712126455,6304626.034283142
충청북도 영동군 양강면 유점리,유점리,4637981.547485587,6305395.602927177
충청북도 영동군 양강면 지촌리,지촌리,4639736.456860065,6303542.18514832
충청북도 영동군 양강면 산막리,산막리,4643792.3534930935,6301644.708402388
충청북도 영동군 양강면 남전리,남전리,4641297.830411274,6304337.161905114
충청북도 영동군 양강면 죽촌리,죽촌리,4645910.964892344,6304127.6203605635
충청북도 영동군 양강면 양정리,양정리,4643019.405111685,6306606.745892322
충청북도 영동군 양강면 가동리,가동리,4641617.890119233,6307281.647589962
충청북도 영동군 양강면 괴목리,괴목리,4639869.665212408,6306924.79176275
충청북도 영동군 상촌면,상촌면,4660251.840993767,6302732.920618401
충청북도 영동군 상촌면 유곡리,유곡리,4659770.287322856,6300994.364093449
충청북도 영동군 상촌면 궁촌리,궁촌리,4661411.999649916,6298511.658496095
충청북도 영동군 상촌면 흥덕리,흥덕리,4661608.667937996,6297556.038909639
충청북도 영동군 상촌면 대해리,대해리,4655799.206195359,6298938.494295482
충청북도 영동군 상촌면 물한리,물한리,4653313.120107953,6298326.026673565
충청북도 영동군 상촌면 둔전리,둔전리,4650313.044109305,6298917.933070646
충청북도 영동군 상촌면 고자리,고자리,4650196.489912926,6300860.4644335685
충청북도 영동군 상촌면 상도대리,상도대리,4654437.276917104,6301183.271348298
충청북도 영동군 상촌면 하도대리,하도대리,4656611.145110049,6302200.1360753765
충청북도 영동군 상촌면 돈대리,돈대리,4659705.2101631705,6304006.995460559
충청북도 영동군 상촌면 임산리,임산리,4659855.050440464,6302789.891018449
충청북도 영동군 매곡면,매곡면,4663899.883230838,6305492.761355007
충청북도 영동군 매곡면 공수리,공수리,4669552.834558081,6302103.782021076
충청북도 영동군 매곡면 어촌리,어촌리,4668043.084197429,6301731.096645375
충청북도 영동군 매곡면 수원리,수원리,4661602.822830263,6304492.263100337
충청북도 영동군 매곡면 강진리,강진리,4665005.955531304,6302112.916771799
충청북도 영동군 매곡면 유전리,유전리,4664535.749165509,6304260.271250369
충청북도 영동군 매곡면 옥전리,옥전리,4667055.07715652,6304439.957761404
충청북도 영동군 매곡면 장척리,장척리,4665426.148907244,6306266.425319019
충청북도 영동군 매곡면 노천리,노천리,4663460.562473005,6306387.979416628
충청북도 영동군 추풍령면,추풍령면,4672940.576898775,6305635.111348096
충청북도 영동군 추풍령면 지봉리,지봉리,4674088.151021854,6306882.057208022
충청북도 영동군 추풍령면 웅북리,웅북리,4678613.5227513155,6307795.137977062
충청북도 영동군 추풍령면 신안리,신안리,4674386.050326732,6308692.683456466
충청북도 영동군 추풍령면 작점리,작점리,4677571.113863855,6304024.096834458
충청북도 영동군 추풍령면 죽전리,죽전리,4676835.116200587,6305571.9563128995
충청북도 영동군 추풍령면 추풍령리,추풍령리,4671326.737357469,6305404.839232118
충청북도 영동군 추풍령면 계룡리,계룡리,4667303.836383735,6306273.85464695
충청북도 영동군 추풍령면 사부리,사부리,4670003.200553779,6307107.418969484
충청북도 영동군 추풍령면 관리,관리,4672381.782225453,6306443.26767694
충청북도 영동군 황간면,황간면,4662488.81998577,6308893.7205828745
충청북도 영동군 황간면 광평리,광평리,4666024.771464492,6307650.142653463
충청북도 영동군 황간면 서송원리,서송원리,4658018.637165257,6306667.059143652
충청북도 영동군 황간면 노근리,노근리,4658680.370875168,6308863.161164758
충청북도 영동군 황간면 우천리,우천리,4655364.942200543,6309583.766942917
충청북도 영동군 황간면 회포리,회포리,4654815.496373986,6311042.234122732
충청북도 영동군 황간면 금계리,금계리,4658177.924346771,6312876.635362888
충청북도 영동군 황간면 용암리,용암리,4657849.386657485,6311548.208219909
충청북도 영동군 황간면 원촌리,원촌리,4659773.917646886,6310334.504107739
충청북도 영동군 황간면 우매리,우매리,4663659.830908319,6312393.746440795
충청북도 영동군 황간면 난곡리,난곡리,4666411.10567652,6310023.241147689
충청북도 영동군 황간면 소계리,소계리,4662377.1120860865,6307343.93912612
충청북도 영동군 황간면 마산리,마산리,4661240.516368889,6308574.113140337
충청북도 영동군 황간면 신흥리,신흥리,4661601.146667275,6309833.38658353
충청북도 영동군 황간면 남성리,남성리,4664197.193419724,6308906.636270993
충청북도 영동군 용산면,용산면,4653541.215312801,6313242.654463582
충청북도 영동군 용산면 용산리,용산리,4652927.309854857,6313599.140754792
충청북도 영동군 용산면 백자전리,백자전리,4655687.583013512,6313117.752385154
충청북도 영동군 용산면 상용리,상용리,4653474.629054024,6314367.297960335
충청북도 영동군 용산면 매금리,매금리,4653723.945206613,6315296.4156237235
충청북도 영동군 용산면 청화리,청화리,4656161.203211855,6315852.936051741
충청북도 영동군 용산면 미전리,미전리,4655394.216850766,6316495.177734273
충청북도 영동군 용산면 법화리,법화리,4652586.525763241,6316947.77339453
충청북도 영동군 용산면 한곡리,한곡리,4651328.237259068,6315809.705153898
충청북도 영동군 용산면 천작리,천작리,4650971.73025102,6314933.450685625
충청북도 영동군 용산면 금곡리,금곡리,4648124.235122896,6316078.209685882
충청북도 영동군 용산면 가곡리,가곡리,4647348.695082291,6315163.326590815
충청북도 영동군 용산면 부상리,부상리,4645779.43450304,6314904.380168283
충청북도 영동군 용산면 시금리,시금리,4645393.07620829,6313098.2132475665
충청북도 영동군 용산면 한석리,한석리,4646977.439942731,6313632.556656055
충청북도 영동군 용산면 부릉리,부릉리,4648972.7531671105,6314330.722542061
충청북도 영동군 용산면 신항리,신항리,4652065.005258747,6313158.139971465
충청북도 영동군 용산면 율리,율리,4649507.347234016,6311872.285171645
충청북도 영동군 용산면 산저리,산저리,4653349.148502302,6310807.113907254
충청북도 영동군 용산면 구촌리,구촌리,4654069.515185323,6313549.32341326
충청북도 영동군 영동읍,영동읍,4643994.030758915,6307835.604907817
충청북도 영동군 영동읍 임계리,임계리,4652296.801951452,6305510.1122968495
충청북도 영동군 영동읍 가리,가리,4654105.621463736,6306679.529330219
충청북도 영동군 영동읍 주곡리,주곡리,4649463.4861257365,6306605.140373183
충청북도 영동군 영동읍 봉현리,봉현리,4649989.999038307,6308922.416817488
충청북도 영동군 영동읍 심원리,심원리,4651942.141177306,6309810.797250075
충청북도 영동군 영동읍 설계리,설계리,4647749.2233250635,6308578.386125428
충청북도 영동군 영동읍 산이리,산이리,4642274.521311256,6310820.891296587
충청북도 영동군 영동읍 오탄리,오탄리,4644466.203310826,6310376.855933375
충청북도 영동군 영동읍 부용리,부용리,4641516.131309378,6308838.338546691
충청북도 영동군 영동읍 매천리,매천리,4645188.838900505,6306678.158982454
충청북도 영동군 영동읍 산익리,산익리,4646244.798960384,6305593.74591536
충청북도 영동군 영동읍 당곡리,당곡리,4648858.477599254,6303148.700913253
충청북도 영동군 영동읍 화신리,화신리,4650809.158884349,6304514.778043255
충청북도 영동군 영동읍 회동리,회동리,4647610.015820631,6307376.039020001
충청북도 영동군 영동읍 동정리,동정리,4645771.485533088,6307928.187860437
충청북도 영동군 영동읍 계산리,계산리,4645410.781068039,6308247.898303839
충청북도 옥천군 군북면,군북면,4619663.863312986,6325369.617511788
충청북도 옥천군 군북면 국원리,국원리,4627027.409873277,6325211.842604191
충청북도 옥천군 군북면 막지리,막지리,4630660.950884097,6327297.347957333
충청북도 옥천군 군북면 용호리,용호리,4626829.909766597,6328277.981683594
충청북도 옥천군 군북면 석호리,석호리,4625201.1695715925,6327282.043613379
충청북도 옥천군 군북면 소정리,소정리,4628772.714459397,6326195.402177892
충청북도 옥천군 군북면 이평리,이평리,4623515.948358128,6327563.780833468
충청북도 옥천군 군북면 추소리,추소리,4623296.95952476,6326321.33351117
충청북도 옥천군 군북면 지오리,지오리,4623848.122565811,6324822.811553998
충청북도 옥천군 군북면 환평리,환평리,4621719.103322814,6325689.432403922
충청북도 옥천군 군북면 대정리,대정리,4623164.4269115385,6329199.053616617
충청북도 옥천군 군북면 항곡리,항곡리,4620945.959820717,6328678.719300124
충청북도 옥천군 군북면 증약리,증약리,4618213.614983119,6326277.298133429
충청북도 옥천군 군북면 자모리,자모리,4616152.411304478,6325447.9587750435
충청북도 옥천군 군북면 이백리,이백리,4619679.473578822,6325086.019361496
충청북도 옥천군 군서면,군서면,4617171.826731371,6321757.954342492
충청북도 옥천군 군서면 월전리,월전리,4620129.619052655,6323207.1280825455
충청북도 옥천군 군서면 오동리,오동리,4617713.421081017,6323788.59837881
충청북도 옥천군 군서면 하동리,하동리,4616768.598405864,6322996.371157073
충청북도 옥천군 군서면 상중리,상중리,4614894.964294626,6323190.494375403
충청북도 옥천군 군서면 사양리,사양리,4612968.2074899515,6321244.510966513
충청북도 옥천군 군서면 은행리,은행리,4615066.726652989,6321229.3586436175
충청북도 옥천군 군서면 상지리,상지리,4614048.865033406,6319984.906379159
충청북도 옥천군 군서면 사정리,사정리,4616036.308564446,6320254.29098052
충청북도 옥천군 군서면 금산리,금산리,4618780.652479449,6319327.781364689
충청북도 옥천군 군서면 동평리,동평리,4616944.170445698,6321192.975899074
충청북도 옥천군 이원면,이원면,4627310.033114967,6317172.133576297
충청북도 옥천군 이원면 용방리,용방리,4631502.00454706,6317066.795649606
충청북도 옥천군 이원면 지탄리,지탄리,4635201.81639204,6316036.609013137
충청북도 옥천군 이원면 백지리,백지리,4633992.755497312,6314852.398102563
충청북도 옥천군 이원면 원동리,원동리,4631815.943805961,6315576.31431643
충청북도 옥천군 이원면 이원리,이원리,4629536.334929759,6316211.866306691
충청북도 옥천군 이원면 미동리,미동리,4628957.763106947,6315257.594920938
충청북도 옥천군 이원면 지정리,지정리,4628733.778905362,6314057.377772393
충청북도 옥천군 이원면 수묵리,수묵리,4628724.815837547,6312828.799315809
충청북도 옥천군 이원면 평계리,평계리,4627917.483905732,6312318.88243986
충청북도 옥천군 이원면 개심리,개심리,4624924.1408172175,6313499.888621325
충청북도 옥천군 이원면 의평리,의평리,4625564.170321684,6314829.826844199
충청북도 옥천군 이원면 윤정리,윤정리,4626752.839301624,6316056.453056461
충청북도 옥천군 이원면 강청리,강청리,4624576.3822240075,6316583.695513419
충청북도 옥천군 이원면 장찬리,장찬리,4622689.655948055,6317837.327398835
충청북도 옥천군 이원면 건진리,건진리,4627652.825478154,6317669.518092111
충청북도 옥천군 청산면,청산면,4651793.351051637,6320707.123962374
충청북도 옥천군 청산면 만월리,만월리,4651828.592152281,6323389.477649164
충청북도 옥천군 청산면 대성리,대성리,4655947.420501264,6321913.492999199
충청북도 옥천군 청산면 법화리,법화리,4659387.0599386,6320817.652554358
충청북도 옥천군 청산면 명티리,명티리,4661192.631291364,6319814.539187723
충청북도 옥천군 청산면 삼방리,삼방리,4659156.312614763,6319263.069171208
충청북도 옥천군 청산면 예곡리,예곡리,4656041.9935295535,6320782.648906923
충청북도 옥천군 청산면 의지리,의지리,4657147.706412378,6318619.735138793
충청북도 옥천군 청산면 효목리,효목리,4655414.30690209,6317916.288950753
충청북도 옥천군 청산면 판수리,판수리,4653230.540846183,6318730.967226095
충청북도 옥천군 청산면 인정리,인정리,4651999.167851304,6319059.370779215
충청북도 옥천군 청산면 한곡리,한곡리,4651180.051388954,6317691.943957588
충청북도 옥천군 청산면 장위리,장위리,4650089.258826892,6319463.431202666
충청북도 옥천군 청산면 대덕리,대덕리,4649574.5044009285,6317543.646958841
충청북도 옥천군 청산면 신매리,신매리,4648653.579718175,6319106.012064922
충청북도 옥천군 청산면 하서리,하서리,4649905.844370218,6320917.010394359
충청북도 옥천군 청산면 교평리,교평리,4653281.471047142,6320947.699011479
충청북도 옥천군 청산면 백운리,백운리,4651960.716516076,6321535.49170273
충청북도 옥천군 청산면 지전리,지전리,4651509.748015921,6320620.105959994
충청북도 옥천군 청성면,청성면,4647219.038137816,6320042.163259865
충청북도 옥천군 청성면 장연리,장연리,4648728.372661769,6321861.854442109
충청북도 옥천군 청성면 화성리,화성리,4646315.05376246,6322595.015837983
충청북도 옥천군 청성면 능월리,능월리,4647180.066882504,6324593.716126485
충청북도 옥천군 청성면 도장리,도장리,4645151.775227393,6324308.859158103
충청북도 옥천군 청성면 대안리,대안리,4643715.852430292,6323630.474658251
충청북도 옥천군 청성면 구음리,구음리,4641444.983856146,6321575.799161729
충청북도 옥천군 청성면 양저리,양저리,4641233.196138874,6318824.381831538
충청북도 옥천군 청성면 합금리,합금리,4635581.000476478,6320486.105551157
충청북도 옥천군 청성면 고당리,고당리,4638391.805942541,6319288.933561606
충청북도 옥천군 청성면 묘금리,묘금리,4640735.920498857,6317105.903535835
충청북도 옥천군 청성면 조천리,조천리,4645006.506359942,6316641.0614308575
충청북도 옥천군 청성면 삼남리,삼남리,4643613.509042728,6317862.871480506
충청북도 옥천군 청성면 소서리,소서리,4648253.942386556,6317911.656290726
충청북도 옥천군 청성면 궁촌리,궁촌리,4646629.849075407,6318590.852237489
충청북도 옥천군 청성면 장수리,장수리,4643042.245541761,6319020.352713814
충청북도 옥천군 청성면 거포리,거포리,4644364.24387501,6321254.323937246
충청북도 옥천군 청성면 산계리,산계리,4646375.64388459,6320121.132204299
충청북도 옥천군 안내면,안내면,4637347.335270056,6327334.404588694
충청북도 옥천군 안내면 답양리,답양리,4629805.136553499,6329097.554867453
충청북도 옥천군 안내면 용촌리,용촌리,4633737.823168627,6329911.190649035
충청북도 옥천군 안내면 월외리,월외리,4636446.798032827,6330586.173633692
충청북도 옥천군 안내면 도율리,도율리,4635278.342973054,6328811.810701429
충청북도 옥천군 안내면 방하목리,방하목리,4639203.353056094,6330242.540318878
충청북도 옥천군 안내면 장계리,장계리,4631944.633854317,6325579.600404631
충청북도 옥천군 안내면 인포리,인포리,4635384.383742319,6325943.853664778
충청북도 옥천군 안내면 오덕리,오덕리,4642599.784277702,6326196.323140339
충청북도 옥천군 안내면 서대리,서대리,4637950.144893544,6328867.081939029
충청북도 옥천군 안내면 동대리,동대리,4639867.158922939,6328449.757295687
충청북도 옥천군 안내면 도이리,도이리,4639383.804967183,6327766.054392042
충청북도 옥천군 안내면 정방리,정방리,4638673.379812404,6327087.113129052
충청북도 옥천군 안내면 현리,현리,4636210.112396297,6327464.49023059
충청북도 옥천군 안남면,안남면,4637441.588760529,6324209.588490485
충청북도 옥천군 안남면 도농리,도농리,4641126.718248551,6324905.321827593
충청북도 옥천군 안남면 화학리,화학리,4638422.383996942,6325797.184993486
충청북도 옥천군 안남면 청정리,청정리,4638603.105583795,6324738.651274673
충청북도 옥천군 안남면 도덕리,도덕리,4639360.002226581,6323971.11584935
충청북도 옥천군 안남면 지수리,지수리,4638864.430286106,6322149.822067717
충청북도 옥천군 안남면 종미리,종미리,4637219.476388806,6323151.05089742
충청북도 옥천군 안남면 연주리,연주리,4636511.563708999,6323982.884416483
충청북도 옥천군 동이면,동이면,4628653.568837228,6319969.729734957
충청북도 옥천군 동이면 우산리,우산리,4636206.220273247,6317435.110666207
충청북도 옥천군 동이면 남곡리,남곡리,4628479.314230198,6321901.785657368
충청북도 옥천군 동이면 석탄리,석탄리,4631969.726894174,6323004.361171948
충청북도 옥천군 동이면 지양리,지양리,4630222.170144317,6321349.4268506
충청북도 옥천군 동이면 청마리,청마리,4634611.049171947,6321733.02763355
충청북도 옥천군 동이면 조령리,조령리,4635580.780338881,6319053.878403407
충청북도 옥천군 동이면 금암리,금암리,4630786.53342506,6320068.3700866895
충청북도 옥천군 동이면 적하리,적하리,4630892.920467509,6318855.094556503
충청북도 옥천군 동이면 세산리,세산리,4626763.075536131,6319158.802329992
충청북도 옥천군 동이면 평산리,평산리,4627972.463262482,6320167.789447658
충청북도 옥천군 옥천읍,옥천읍,4623866.340399625,6322764.38305531
충청북도 옥천군 옥천읍 오대리,오대리,4630755.76128227,6324388.467548359
충청북도 옥천군 옥천읍 옥각리,옥각리,4622368.3514796235,6324116.647106086
충청북도 옥천군 옥천읍 서정리,서정리,4621962.455613907,6323598.768120917
충청북도 옥천군 옥천읍 삼양리,삼양리,4622886.92331302,6322966.926961745
충청북도 옥천군 옥천읍 장야리,장야리,4624349.401374449,6321655.021842852
충청북도 옥천군 옥천읍 금구리,금구리,4622840.337310141,6322434.570300451
충청북도 옥천군 옥천읍 양수리,양수리,4620771.149971895,6322226.540803543
충청북도 옥천군 옥천읍 마암리,마암리,4620801.793217055,6321577.571247697
충청북도 옥천군 옥천읍 대천리,대천리,4621946.472363358,6320972.643622274
충청북도 옥천군 옥천읍 삼청리,삼청리,4622118.762419235,6319870.58706136
충청북도 옥천군 옥천읍 가풍리,가풍리,4623779.9685326535,6319108.781108458
충청북도 옥천군 옥천읍 서대리,서대리,4623955.137869704,6320738.4865247905
충청북도 옥천군 옥천읍 구일리,구일리,4626202.193932478,6320751.922688631
충청북도 옥천군 옥천읍 매화리,매화리,4625734.510398323,6322045.568968793
충청북도 옥천군 옥천읍 수북리,수북리,4627911.504865946,6323682.21665824
충청북도 옥천군 옥천읍 동안리,동안리,4625646.745059879,6322603.630998988
충청북도 옥천군 옥천읍 교동리,교동리,4626364.57833656,6323740.779976912
충청북도 옥천군 옥천읍 하계리,하계리,4624961.687768127,6322972.5596355535
충청북도 옥천군 옥천읍 상계리,상계리,4625286.375423353,6323372.212196057
충청북도 옥천군 옥천읍 문정리,문정리,4624180.674251375,6322948.817284454
충청북도 옥천군 옥천읍 죽향리,죽향리,4624569.027999949,6323471.120239485
충청북도 보은군 산외면,산외면,4651100.582560682,6337650.85945083
충청북도 보은군 산외면 중티리,중티리,4647277.100631274,6339642.834874077
충청북도 보은군 산외면 길탕리,길탕리,4649854.475059628,6338957.372574469
충청북도 보은군 산외면 이식리,이식리,4647519.261760137,6340413.082158937
충청북도 보은군 산외면 어온리,어온리,4649184.111022357,6341011.893538683
충청북도 보은군 산외면 산대리,산대리,4650150.108382174,6340139.7106310055
충청북도 보은군 산외면 원평리,원평리,4654229.219730004,6339605.347600035
충청북도 보은군 산외면 동화리,동화리,4654066.638894417,6338138.82624833
충청북도 보은군 산외면 신정리,신정리,4659348.76098902,6338508.761324073
충청북도 보은군 산외면 백석리,백석리,4654690.023916911,6337345.379082504
충청북도 보은군 산외면 아시리,아시리,4650539.89293473,6336991.624319239
충청북도 보은군 산외면 가고리,가고리,4651792.934566407,6341243.998614891
충청북도 보은군 산외면 오대리,오대리,4652024.632049133,6339829.137703568
충청북도 보은군 산외면 탁주리,탁주리,4652990.01393272,6338293.365616228
충청북도 보은군 산외면 대원리,대원리,4658935.732481353,6339999.860832787
충청북도 보은군 산외면 장갑리,장갑리,4656937.2371357065,6338507.599821607
충청북도 보은군 산외면 문암리,문암리,4652791.840260421,6336815.8384401705
충청북도 보은군 산외면 봉계리,봉계리,4648654.640442571,6337548.471274618
충청북도 보은군 산외면 구티리,구티리,4651153.6710786745,6337873.298133214
충청북도 보은군 내북면,내북면,4643456.838442137,6341136.04236083
충청북도 보은군 내북면 세촌리,세촌리,4638276.775965881,6338068.10488709
충청북도 보은군 내북면 서지리,서지리,4647226.280927179,6336966.512054182
충청북도 보은군 내북면 두평리,두평리,4646286.344019138,6337688.671079551
충청북도 보은군 내북면 하궁리,하궁리,4640107.3817488905,6335758.078599999
충청북도 보은군 내북면 신궁리,신궁리,4638705.151338502,6337071.000545346
충청북도 보은군 내북면 상궁리,상궁리,4641580.303471504,6337490.586465095
충청북도 보은군 내북면 아곡리,아곡리,4640912.620397955,6339304.65427405
충청북도 보은군 내북면 법주리,법주리,4638138.415679011,6339979.055873034
충청북도 보은군 내북면 화전리,화전리,4640741.31369692,6341393.405995737
충청북도 보은군 내북면 동산리,동산리,4643312.762443891,6341661.699964242
충청북도 보은군 내북면 성암리,성암리,4644980.889358805,6341123.493664321
충청북도 보은군 내북면 적음리,적음리,4645871.68842601,6340279.122373186
충청북도 보은군 내북면 용수리,용수리,4639477.40987312,6338845.983056857
충청북도 보은군 내북면 대안리,대안리,4641343.139820202,6340112.076243838
충청북도 보은군 내북면 염둔리,염둔리,4638501.718627129,6341155.950741172
충청북도 보은군 내북면 도원리,도원리,4642694.609950372,6342059.092261503
충청북도 보은군 내북면 창리,창리,4643096.519096046,6340921.124092421
충청북도 보은군 내북면 봉황리,봉황리,4645876.078927097,6341460.501328767
충청북도 보은군 내북면 성티리,성티리,4642548.566398567,6339665.315171608
충청북도 보은군 내북면 이원리,이원리,4643859.379146358,6338220.369346715
충청북도 보은군 회인면,회인면,4632527.27936868,6336338.57289721
충청북도 보은군 회인면 용곡리,용곡리,4628593.756326453,6335379.75747127
충청북도 보은군 회인면 신대리,신대리,4630802.087259562,6334371.170216277
충청북도 보은군 회인면 죽암리,죽암리,4631649.1028409805,6334688.504835451
충청북도 보은군 회인면 눌곡리,눌곡리,4632663.44250068,6335307.5632661525
충청북도 보은군 회인면 애곡리,애곡리,4634926.864926288,6335957.350782631
충청북도 보은군 회인면 고석리,고석리,4635142.188934288,6337635.068452618
충청북도 보은군 회인면 오동리,오동리,4631569.754913925,6338680.981124237
충청북도 보은군 회인면 송평리,송평리,4633954.73181828,6333742.233320697
충청북도 보은군 회인면 부수리,부수리,4633707.19161139,6336059.293170619
충청북도 보은군 회인면 건천리,건천리,4635683.954046885,6334537.101335302
충청북도 보은군 회인면 갈티리,갈티리,4636777.137350037,6337106.632202144
충청북도 보은군 회인면 쌍암리,쌍암리,4635830.2422744045,6339127.194812675
충청북도 보은군 회인면 신문리,신문리,4633809.209096887,6338671.044378
충청북도 보은군 회인면 용촌리,용촌리,4631894.599327,6336954.840849967
충청북도 보은군 회인면 중앙리,중앙리,4632028.977478656,6336155.832247338
충청북도 보은군 회남면,회남면,4628827.00358423,6332998.074918289
충청북도 보은군 회남면 광포리,광포리,4630544.328138191,6331444.775262667
충청북도 보은군 회남면 남대문리,남대문리,4627642.600493324,6333533.563119242
충청북도 보은군 회남면 사탄리,사탄리,4624509.652867522,6331544.927469967
충청북도 보은군 회남면 사음리,사음리,4624571.5075446125,6332644.202803714
충청북도 보은군 회남면 매산리,매산리,4624642.698407763,6333406.123462632
충청북도 보은군 회남면 산수리,산수리,4623005.303763437,6333510.653498824
충청북도 보은군 회남면 분저리,분저리,4627804.470694075,6331355.6138083385
충청북도 보은군 회남면 거교리,거교리,4629207.97607409,6333412.522762565
충청북도 보은군 회남면 신추리,신추리,4631886.199284838,6333660.196634687
충청북도 보은군 회남면 법수리,법수리,4622268.771743773,6332854.698002199
충청북도 보은군 회남면 은운리,은운리,4630742.119351517,6330106.498776336
충청북도 보은군 회남면 용호리,용호리,4626459.129696467,6331887.639594953
충청북도 보은군 회남면 조곡리,조곡리,4631208.528074424,6332593.545547845
충청북도 보은군 회남면 금곡리,금곡리,4631337.098902376,6333144.333506724
충청북도 보은군 회남면 신곡리,신곡리,4626356.099888357,6332534.931213147
충청북도 보은군 수한면,수한면,4644602.513683223,6332911.066814955
충청북도 보은군 수한면 노성리,노성리,4634295.69982141,6331373.460973834
충청북도 보은군 수한면 율산리,율산리,4637931.167607611,6334946.21130562
충청북도 보은군 수한면 산척리,산척리,4640840.958517517,6334488.587095678
충청북도 보은군 수한면 동정리,동정리,4638085.166454081,6332601.096251249
충청북도 보은군 수한면 장선리,장선리,4637524.099677264,6331592.652183028
충청북도 보은군 수한면 광촌리,광촌리,4641460.141765701,6330476.610091081
충청북도 보은군 수한면 묘서리,묘서리,4643466.161340605,6329954.760496287
충청북도 보은군 수한면 성리,성리,4642397.188417319,6331712.843519741
충청북도 보은군 수한면 후평리,후평리,4644687.794480416,6333110.771871359
충청북도 보은군 수한면 차정리,차정리,4636463.1349342,6332576.8278305745
충청북도 보은군 수한면 오정리,오정리,4639170.948039648,6332219.93786538
충청북도 보은군 수한면 질신리,질신리,4639431.881276407,6331280.926490295
충청북도 보은군 수한면 거현리,거현리,4642573.510335409,6328834.838964413
충청북도 보은군 수한면 소계리,소계리,4643414.488326874,6331266.929843706
충청북도 보은군 수한면 발산리,발산리,4644641.050373855,6332280.694377865
충청북도 보은군 수한면 교암리,교암리,4642169.868473824,6332551.193249687
충청북도 보은군 수한면 병원리,병원리,4642658.456749181,6333359.787657478
충청북도 보은군 삼승면,삼승면,4645470.835972741,6325937.579483483
충청북도 보은군 삼승면 서원리,서원리,4645540.799270682,6327152.869068609
충청북도 보은군 삼승면 둔덕리,둔덕리,4646101.006101875,6329813.143807687
충청북도 보은군 삼승면 우진리,우진리,4647455.985719324,6328203.725154723
충청북도 보은군 삼승면 상가리,상가리,4647471.520843989,6327509.3472818
충청북도 보은군 삼승면 천남리,천남리,4649945.8026311835,6326050.972868343
충청북도 보은군 삼승면 선곡리,선곡리,4645121.47546083,6329061.874435342
충청북도 보은군 삼승면 송죽리,송죽리,4647755.743350442,6328968.274354755
충청북도 보은군 삼승면 달산리,달산리,4649226.927276423,6327706.468017347
충청북도 보은군 삼승면 탄금리,탄금리,4647319.642795626,6326719.765982825
충청북도 보은군 삼승면 내망리,내망리,4647886.008578074,6325562.744380756
충청북도 보은군 삼승면 원남리,원남리,4645370.32584765,6326177.875785201
충청북도 보은군 탄부면,탄부면,4655026.810168151,6327009.856114969
충청북도 보은군 탄부면 임한리,임한리,4655911.912782179,6329225.338594509
충청북도 보은군 탄부면 평각리,평각리,4650921.337027816,6330421.172492572
충청북도 보은군 탄부면 사직리,사직리,4649914.286819881,6328961.983547302
충청북도 보은군 탄부면 장암리,장암리,4650916.1090474855,6327668.511834845
충청북도 보은군 탄부면 벽지리,벽지리,4653510.031987978,6327476.578344604
충청북도 보은군 탄부면 대양리,대양리,4654533.049154612,6325948.4199344665
충청북도 보은군 탄부면 상장리,상장리,4655932.044603457,6328067.2336012
충청북도 보은군 탄부면 고승리,고승리,4648979.492170007,6329640.050470404
충청북도 보은군 탄부면 매화리,매화리,4651706.41871235,6328966.68786478
충청북도 보은군 탄부면 덕동리,덕동리,4652598.335528787,6327288.23715239
충청북도 보은군 탄부면 성지리,성지리,4651566.775607501,6326134.831068371
충청북도 보은군 탄부면 구암리,구암리,4656534.688869133,6326401.016325126
충청북도 보은군 탄부면 하장리,하장리,4655216.816188765,6327106.39535567
충청북도 보은군 마로면,마로면,4658218.632615395,6326826.965073716
충청북도 보은군 마로면 갈평리,갈평리,4661191.472418518,6327179.634479076
충청북도 보은군 마로면 임곡리,임곡리,4662801.684644508,6325902.759203885
충청북도 보은군 마로면 한중리,한중리,4662645.410566281,6321644.582209216
충청북도 보은군 마로면 갈전리,갈전리,4659669.225966963,6321836.020359205
충청북도 보은군 마로면 원정리,원정리,4655832.7010578215,6323433.901172235
충청북도 보은군 마로면 기대리,기대리,4657239.53159044,6324894.243074019
충청북도 보은군 마로면 송현리,송현리,4660132.694466224,6326468.326903499
충청북도 보은군 마로면 적암리,적암리,4664544.540505505,6326875.823188991
충청북도 보은군 마로면 소여리,소여리,4661998.153162388,6324585.230293628
충청북도 보은군 마로면 변둔리,변둔리,4660830.311084645,6322800.210477361
충청북도 보은군 마로면 세중리,세중리,4657919.690803445,6322994.050866597
충청북도 보은군 마로면 오천리,오천리,4653516.5280117355,6324868.671542342
충청북도 보은군 마로면 수문리,수문리,4658595.12206328,6327951.872467609
충청북도 보은군 마로면 관기리,관기리,4657905.019100115,6326257.228000354
충청북도 보은군 장안면,장안면,4655397.774854612,6330144.1235806495
충청북도 보은군 장안면 장안리,장안리,4655187.389415085,6330272.559523254
충청북도 보은군 장안면 구인리,구인리,4652805.957961063,6330455.78673254
충청북도 보은군 장안면 장재리,장재리,4653890.033121601,6332321.61290543
충청북도 보은군 장안면 오창리,오창리,4653458.33936473,6331840.4748512
충청북도 보은군 장안면 불목리,불목리,4658584.658681044,6328495.346313391
충청북도 보은군 장안면 봉비리,봉비리,4657475.467162983,6329295.361486357
충청북도 보은군 장안면 황곡리,황곡리,4654633.2792577,6329783.91791027
충청북도 보은군 장안면 개안리,개안리,4656595.684379103,6329929.081080806
충청북도 보은군 장안면 서원리,서원리,4659229.508408775,6330271.726033807
충청북도 보은군 속리산면,속리산면,4659433.287498136,6332874.764267903
충청북도 보은군 속리산면 만수리,만수리,4669163.336896583,6331273.450297545
충청북도 보은군 속리산면 도화리,도화리,4666041.282690874,6332520.687604691
충청북도 보은군 속리산면 구병리,구병리,4665883.259618838,6329205.112616425
충청북도 보은군 속리산면 삼가리,삼가리,4664288.754556898,6330894.954859437
충청북도 보은군 속리산면 사내리,사내리,4664176.737591641,6334914.95690855
충청북도 보은군 속리산면 백현리,백현리,4657664.722512664,6337004.370580435
충청북도 보은군 속리산면 북암리,북암리,4657813.135317423,6335887.080432565
충청북도 보은군 속리산면 하판리,하판리,4656648.0837877225,6335123.118523112
충청북도 보은군 속리산면 중판리,중판리,4657854.942599754,6333627.581758207
충청북도 보은군 속리산면 갈목리,갈목리,4659636.430203977,6331830.901319769
충청북도 보은군 속리산면 상판리,상판리,4661125.840638641,6332724.652551737
충청북도 보은군 보은읍,보은읍,4646963.497862837,6332825.719073843
충청북도 보은군 보은읍 장속리,장속리,4645492.915614648,6334543.990280578
충청북도 보은군 보은읍 봉평리,봉평리,4644799.630218181,6333782.360736428
충청북도 보은군 보은읍 용암리,용암리,4643210.528911018,6334476.695404051
충청북도 보은군 보은읍 노티리,노티리,4641874.78978867,6335862.9723985605
충청북도 보은군 보은읍 중초리,중초리,4644316.213687741,6335903.503477069
충청북도 보은군 보은읍 산성리,산성리,4647224.818837967,6335851.233238947
충청북도 보은군 보은읍 풍취리,풍취리,4649307.037916832,6333517.090983078
충청북도 보은군 보은읍 신함리,신함리,4649669.935551846,6334691.202121832
충청북도 보은군 보은읍 중동리,중동리,4648380.748181852,6334248.450737585
충청북도 보은군 보은읍 강산리,강산리,4647338.997597011,6334453.848570744
충청북도 보은군 보은읍 학림리,학림리,4649603.938900981,6335760.096902356
충청북도 보은군 보은읍 종곡리,종곡리,4652326.083825949,6335022.041959516
충청북도 보은군 보은읍 성족리,성족리,4652793.293194992,6333993.134405175
충청북도 보은군 보은읍 강신리,강신리,4651181.27496784,6334493.9501137985
충청북도 보은군 보은읍 누청리,누청리,4651736.297208301,6333285.360020449
충청북도 보은군 보은읍 대야리,대야리,4651106.208831821,6332892.008449773
충청북도 보은군 보은읍 길상리,길상리,4652005.689236674,6331274.803646102
충청북도 보은군 보은읍 이평리,이평리,4648303.511719763,6332832.996688006
충청북도 보은군 보은읍 성주리,성주리,4649384.588037267,6332874.543870704
충청북도 보은군 보은읍 어암리,어암리,4649617.860812489,6331991.054716133
충청북도 보은군 보은읍 월송리,월송리,4649352.210514936,6331051.723008997
충청북도 보은군 보은읍 금굴리,금굴리,4647904.605623763,6330460.5437581055
충청북도 보은군 보은읍 지산리,지산리,4645987.6310134055,6330763.549108676
충청북도 보은군 보은읍 수정리,수정리,4647091.215410272,6331735.577012851
충청북도 보은군 보은읍 교사리,교사리,4647027.890987093,6333654.707092444
충청북도 보은군 보은읍 장신리,장신리,4646247.992638415,6332940.999231597
충청북도 보은군 보은읍 죽전리,죽전리,4647090.856750531,6332298.272926809
충청북도 보은군 보은읍 삼산리,삼산리,4647174.602732249,6332868.054805333
충청북도 제천시 대랑동,대랑동,4732771.720068697,6367939.835631752
충청북도 제천시 자작동,자작동,4738837.069712139,6368770.952766366
충청북도 제천시 신동,신동,4722905.644497586,6372193.298652059
충청북도 제천시 천남동,천남동,4725474.375322763,6371985.668532969
충청북도 제천시 왕암동,왕암동,4723675.062754944,6374180.192799851
충청북도 제천시 산곡동,산곡동,4725661.593686328,6369628.929357447
충청북도 제천시 명지동,명지동,4726965.69210091,6370532.3299165135
충청북도 제천시 강제동,강제동,4729452.0121379355,6370507.375455493
충청북도 제천시 고명동,고명동,4733537.686502107,6369642.970717452
충청북도 제천시 두학동,두학동,4737153.256834396,6370653.415934834
충청북도 제천시 흑석동,흑석동,4734225.6470938055,6371890.940377378
충청북도 제천시 장락동,장락동,4731855.513813948,6372929.732573739
충청북도 제천시 고암동,고암동,4732693.054701843,6373941.305942338
충청북도 제천시 모산동,모산동,4729858.974142461,6375772.86488774
충청북도 제천시 신월동,신월동,4727393.08248637,6374994.380274683
충청북도 제천시 하소동,하소동,4727105.363947073,6372887.586019857
충청북도 제천시 영천동,영천동,4727751.4189024195,6371751.884658227
충청북도 제천시 명동,명동,4728577.79318354,6372247.364919516
충청북도 제천시 중앙로2가,중앙로2가,4729565.860537877,6372604.4747966975
충청북도 제천시 중앙로1가,중앙로1가,4729247.614918299,6372277.816899813
충청북도 제천시 남천동,남천동,4729807.9577907035,6372005.075252397
충청북도 제천시 동현동,동현동,4730143.577274528,6371633.447797758
충청북도 제천시 서부동,서부동,4728053.207578078,6372458.238311974
충청북도 제천시 의림동,의림동,4728880.472900742,6372731.911738572
충청북도 제천시 화산동,화산동,4729367.537974305,6371445.2281173775
충청북도 제천시 청전동,청전동,4729953.764446498,6373174.762016714
충청북도 제천시 신백동,신백동,4730453.241697765,6371356.27937066
충청북도 제천시 용두동,용두동,4727966.345200375,6372958.888277398
충청북도 제천시 영서동,영서동,4727856.282886189,6372180.769734615
충청북도 제천시 남현동,남현동,4729855.154140142,6372000.9392098775
충청북도 제천시 중앙동,중앙동,4729129.680254398,6372507.311261187
충청북도 제천시 의림지동,의림지동,4730431.996634252,6374194.197787716
충청북도 제천시 교동,교동,4730829.432516297,6372811.408341328
충청북도 제천시 송학면,송학면,4736954.307409396,6374993.170811082
충청북도 제천시 송학면 오미리,오미리,4729432.538166609,6379705.183263211
충청북도 제천시 송학면 송한리,송한리,4733142.299718394,6379029.185098181
충청북도 제천시 송학면 포전리,포전리,4734109.191055223,6376625.766065198
충청북도 제천시 송학면 도화리,도화리,4732366.006726975,6375768.048160994
충청북도 제천시 송학면 시곡리,시곡리,4739746.013830918,6374902.89094033
충청북도 제천시 송학면 입석리,입석리,4740751.85504444,6375715.731400842
충청북도 제천시 송학면 장곡리,장곡리,4744850.753021029,6375677.920654261
충청북도 제천시 송학면 무도리,무도리,4736386.444294821,6373673.492812526
충청북도 제천시 백운면,백운면,4705757.172853772,6376345.143345191
충청북도 제천시 백운면 원월리,원월리,4702732.626195339,6375468.678617792
충청북도 제천시 백운면 애련리,애련리,4708711.027132273,6373045.579961407
충청북도 제천시 백운면 모정리,모정리,4707371.259078687,6375480.729909049
충청북도 제천시 백운면 방학리,방학리,4706229.88878541,6379305.596237951
충청북도 제천시 백운면 도곡리,도곡리,4703279.324416421,6379136.144030942
충청북도 제천시 백운면 화당리,화당리,4699108.603479208,6381043.095358047
충청북도 제천시 백운면 덕동리,덕동리,4700990.269956149,6383523.826550787
충청북도 제천시 백운면 운학리,운학리,4704290.529786984,6384063.911110354
충청북도 제천시 백운면 평동리,평동리,4708128.8073961055,6377054.957268418
충청북도 제천시 한수면,한수면,4705119.321484208,6355438.90049949
충청북도 제천시 한수면 송계리,송계리,4704438.009345602,6354085.853839601
충청북도 제천시 한수면 복평리,복평리,4705270.099682692,6357082.089678927
충청북도 제천시 한수면 탄지리,탄지리,4708225.546154215,6358142.484327915
충청북도 제천시 한수면 상노리,상노리,4706061.871001433,6358782.605045856
충청북도 제천시 한수면 한천리,한천리,4703522.654032109,6361014.344183052
충청북도 제천시 한수면 덕곡리,덕곡리,4712701.896137651,6358985.034288676
충청북도 제천시 한수면 서창리,서창리,4709665.912988612,6360883.335986615
충청북도 제천시 한수면 황강리,황강리,4705455.631079009,6360716.822711519
충청북도 제천시 덕산면,덕산면,4716349.93127941,6355675.874063033
충청북도 제천시 덕산면 선고리,선고리,4719244.77025957,6352915.647248708
충청북도 제천시 덕산면 도기리,도기리,4722878.289094214,6350973.348040039
충청북도 제천시 덕산면 월악리,월악리,4714901.628031963,6351136.747466487
충청북도 제천시 덕산면 수산리,수산리,4708594.325790587,6356389.450435419
충청북도 제천시 덕산면 신현리,신현리,4713745.165233084,6356892.816466798
충청북도 제천시 덕산면 성암리,성암리,4716545.296705514,6356269.678249781
충청북도 제천시 덕산면 도전리,도전리,4714516.854610587,6355394.753009304
충청북도 제천시 수산면,수산면,4719133.99438538,6357006.668086141
충청북도 제천시 수산면 고명리,고명리,4715629.80663699,6359463.108092439
충청북도 제천시 수산면 능강리,능강리,4726170.604666499,6360298.76276165
충청북도 제천시 수산면 하천리,하천리,4725218.430124175,6359193.2760309
충청북도 제천시 수산면 상천리,상천리,4728510.573369673,6358098.932966357
충청북도 제천시 수산면 성리,성리,4728780.475149688,6356539.178081117
충청북도 제천시 수산면 오티리,오티리,4716587.780611955,6358082.192504493
충청북도 제천시 수산면 서곡리,서곡리,4720898.021831363,6359778.867170675
충청북도 제천시 수산면 지곡리,지곡리,4722533.536977914,6359049.129213721
충청북도 제천시 수산면 율지리,율지리,4718426.72000199,6359380.757580475
충청북도 제천시 수산면 도전리,도전리,4719752.154611929,6358967.55695165
충청북도 제천시 수산면 구곡리,구곡리,4719425.007961805,6357934.46857867
충청북도 제천시 수산면 전곡리,전곡리,4721257.392337661,6357833.57508378
충청북도 제천시 수산면 다불리,다불리,4723704.417545787,6357483.750466575
충청북도 제천시 수산면 원대리,원대리,4723655.493206089,6356087.523686919
충청북도 제천시 수산면 괴곡리,괴곡리,4724767.489152347,6356549.80754376
충청북도 제천시 수산면 계란리,계란리,4724971.36196025,6355134.813040397
충청북도 제천시 수산면 대전리,대전리,4724861.802137411,6352869.958564101
충청북도 제천시 수산면 수리,수리,4723867.086269754,6354371.417079803
충청북도 제천시 수산면 수곡리,수곡리,4721788.3955467725,6354227.801787307
충청북도 제천시 수산면 적곡리,적곡리,4721397.798729068,6355359.253781011
충청북도 제천시 수산면 내리,내리,4718791.976019781,6356631.977662991
충청북도 제천시 수산면 수산리,수산리,4720638.878199714,6356690.844138617
충청북도 제천시 청풍면,청풍면,4719569.282857244,6362529.628883109
충청북도 제천시 청풍면 학현리,학현리,4726805.453386817,6362361.922069117
충청북도 제천시 청풍면 교리,교리,4722441.077069065,6363225.11224463
충청북도 제천시 청풍면 도화리,도화리,4721942.423085877,6361642.257631502
충청북도 제천시 청풍면 북진리,북진리,4719920.911068743,6364424.864314759
충청북도 제천시 청풍면 실리곡리,실리곡리,4719412.001612029,6360280.063844493
충청북도 제천시 청풍면 물태리,물태리,4719160.308840204,6362068.79892588
충청북도 제천시 청풍면 단리,단리,4716895.093222466,6360743.499007047
충청북도 제천시 청풍면 연론리,연론리,4714234.494790603,6361122.817677887
충청북도 제천시 청풍면 용곡리,용곡리,4713127.18441323,6361979.05427317
충청북도 제천시 청풍면 신리,신리,4717854.5191942975,6362358.503781628
충청북도 제천시 청풍면 대류리,대류리,4716068.137831429,6362832.858952312
충청북도 제천시 청풍면 도곡리,도곡리,4715936.116572108,6363507.594124287
충청북도 제천시 청풍면 양평리,양평리,4713722.842247563,6364467.662803633
충청북도 제천시 청풍면 진목리,진목리,4709758.536616776,6364091.548413509
충청북도 제천시 청풍면 오산리,오산리,4710488.585274106,6365216.568381292
충청북도 제천시 청풍면 방흥리,방흥리,4711851.370450303,6364724.998990272
충청북도 제천시 청풍면 단돈리,단돈리,4711766.811689094,6366353.76429286
충청북도 제천시 청풍면 장선리,장선리,4712477.712070201,6368872.401282456
충청북도 제천시 청풍면 부산리,부산리,4712058.485935621,6367325.502424702
충청북도 제천시 청풍면 사오리,사오리,4713857.497892366,6367036.606421616
충청북도 제천시 청풍면 후산리,후산리,4715213.3561664475,6366687.714260851
충청북도 제천시 청풍면 황석리,황석리,4715771.068716796,6365674.248126758
충청북도 제천시 청풍면 계산리,계산리,4715013.356955182,6364758.174404088
충청북도 제천시 청풍면 광의리,광의리,4716773.622270784,6364357.813551408
충청북도 제천시 청풍면 연곡리,연곡리,4717887.183998631,6363924.301719341
충청북도 제천시 청풍면 읍리,읍리,4719401.7341326615,6363443.204568687
충청북도 제천시 금성면,금성면,4721498.822622487,6367308.165428729
충청북도 제천시 금성면 동막리,동막리,4728421.576518668,6367996.738552284
충청북도 제천시 금성면 대장리,대장리,4729309.795386822,6366524.800922824
충청북도 제천시 금성면 양화리,양화리,4726639.232195984,6367720.500149693
충청북도 제천시 금성면 위림리,위림리,4722827.707861868,6368141.960961709
충청북도 제천시 금성면 월림리,월림리,4723282.402509458,6368065.535774896
충청북도 제천시 금성면 진리,진리,4721112.456529594,6368633.103441315
충청북도 제천시 금성면 적덕리,적덕리,4720203.480134053,6367752.418214592
충청북도 제천시 금성면 사곡리,사곡리,4719226.34898929,6368637.291489122
충청북도 제천시 금성면 활산리,활산리,4716557.06259703,6368174.224353802
충청북도 제천시 금성면 포전리,포전리,4726134.700570224,6365681.813243062
충청북도 제천시 금성면 중전리,중전리,4723432.089116007,6366215.672355657
충청북도 제천시 금성면 월굴리,월굴리,4719974.618172123,6366533.680863124
충청북도 제천시 금성면 성내리,성내리,4722867.8142921105,6364593.961025575
충청북도 제천시 금성면 구룡리,구룡리,4721485.1696637375,6367740.184008983
충청북도 제천시 봉양읍,봉양읍,4717706.834633732,6373902.022326892
충청북도 제천시 봉양읍 삼거리,삼거리,4718853.881897705,6370079.988322444
충청북도 제천시 봉양읍 마곡리,마곡리,4716259.633307221,6370007.505384329
충청북도 제천시 봉양읍 공전리,공전리,4710078.813424831,6373945.167133789
충청북도 제천시 봉양읍 구곡리,구곡리,4712864.534878378,6371157.24144473
충청북도 제천시 봉양읍 원박리,원박리,4712183.525776404,6374979.34240087
충청북도 제천시 봉양읍 연박리,연박리,4716212.032286777,6372454.781289667
충청북도 제천시 봉양읍 팔송리,팔송리,4716784.721539429,6375326.988284766
충청북도 제천시 봉양읍 구학리,구학리,4714345.101802056,6376655.176728496
충청북도 제천시 봉양읍 옥전리,옥전리,4715198.190315547,6377497.667006745
충청북도 제천시 봉양읍 학산리,학산리,4716702.059710591,6379371.648680239
충청북도 제천시 봉양읍 명암리,명암리,4723213.015023256,6378860.66229196
충청북도 제천시 봉양읍 봉양리,봉양리,4719525.6162119815,6374624.107335203
충청북도 제천시 봉양읍 명도리,명도리,4720336.814735057,6376370.62609797
충청북도 제천시 봉양읍 미당리,미당리,4724214.617493856,6375997.389794996
충청북도 제천시 봉양읍 장평리,장평리,4719111.868881073,6372839.47082951
충청북도 제천시 봉양읍 주포리,주포리,4718104.34777002,6374059.843438103
충청북도 충주시 금릉동,금릉동,4687991.517118007,6367511.906190717
충청북도 충주시 충의동,충의동,4688724.622768704,6365715.391339641
충청북도 충주시 목벌동,목벌동,4696915.408069429,6363243.693908717
충청북도 충주시 안림동,안림동,4692805.891247514,6364999.670340079
충청북도 충주시 종민동,종민동,4696691.187398226,6365742.467460478
충청북도 충주시 용탄동,용탄동,4688286.275977602,6368844.214649156
충청북도 충주시 목행동,목행동,4688286.275977602,6368844.214649156
충청북도 충주시 칠금동,칠금동,4686450.508396614,6366932.410982565
충청북도 충주시 용두동,용두동,4682918.337440557,6366123.887250599
충청북도 충주시 용관동,용관동,4682483.728509574,6364906.166355483
충청북도 충주시 가주동,가주동,4682202.828976537,6363489.699677331
충청북도 충주시 풍동,풍동,4685202.270234476,6362524.637763521
충청북도 충주시 단월동,단월동,4684789.663804631,6363976.722959681
충청북도 충주시 직동,직동,4691970.685905304,6362533.01059024
충청북도 충주시 호암동,호암동,4688470.090481997,6363902.344312231
충청북도 충주시 교현동,교현동,4690052.684664985,6365339.905439751
충청북도 충주시 충인동,충인동,4689048.160093377,6365620.455217227
충청북도 충주시 성서동,성서동,4688983.639869061,6365417.7606928805
충청북도 충주시 성남동,성남동,4689394.71747731,6365103.61374092
충청북도 충주시 성내동,성내동,4689240.379119959,6365539.623282245
충청북도 충주시 목행.용탄동,목행.용탄동,4688286.275977602,6368844.214649156
충청북도 충주시 연수동,연수동,4689680.866240947,6366569.078409488
충청북도 충주시 칠금.금릉동,칠금.금릉동,4687659.23252874,6366523.300790009
충청북도 충주시 봉방동,봉방동,4687437.050297689,6365860.063486376
충청북도 충주시 달천동,달천동,4684355.865891622,6364243.15819329
충청북도 충주시 호암.직동,호암.직동,4689314.557792379,6364090.920961969
충청북도 충주시 문화동,문화동,4688145.699780708,6365585.730563129
충청북도 충주시 지현동,지현동,4688875.951328067,6365168.401707477
충청북도 충주시 용산동,용산동,4689576.009833614,6364724.179907448
충청북도 충주시 교현2동,교현2동,4688890.170876346,6366261.527505213
충청북도 충주시 교현.안림동,교현.안림동,4690880.771808461,6365096.631024913
충청북도 충주시 성내.충인동,성내.충인동,4689240.379119959,6365539.623282245
충청북도 충주시 소태면,소태면,4682546.8137625605,6377862.584929871
충청북도 충주시 소태면 중청리,중청리,4682360.448733365,6376725.861321044
충청북도 충주시 소태면 양촌리,양촌리,4684987.667559101,6375772.331106904
충청북도 충주시 소태면 동막리,동막리,4688345.248886664,6376558.611665246
충청북도 충주시 소태면 야동리,야동리,4686270.188974214,6377460.200807359
충청북도 충주시 소태면 구룡리,구룡리,4687225.932629669,6379035.601547468
충청북도 충주시 소태면 주치리,주치리,4684958.726435128,6380376.703510576
충청북도 충주시 소태면 덕은리,덕은리,4677822.149606964,6380581.343480051
충청북도 충주시 소태면 복탄리,복탄리,4679776.162824727,6378556.774449794
충청북도 충주시 소태면 오량리,오량리,4683272.684609531,6378822.092398422
충청북도 충주시 엄정면,엄정면,4690274.7771371165,6374699.6664389325
충청북도 충주시 엄정면 가춘리,가춘리,4696535.288073525,6377973.792493205
충청북도 충주시 엄정면 유봉리,유봉리,4693744.172881207,6378489.982214744
충청북도 충주시 엄정면 원곡리,원곡리,4691403.47601947,6378885.352970814
충청북도 충주시 엄정면 추평리,추평리,4693400.8182989005,6377472.167493871
충청북도 충주시 엄정면 괴동리,괴동리,4692663.46388635,6375749.143712617
충청북도 충주시 엄정면 신만리,신만리,4694322.398377289,6374966.638677577
충청북도 충주시 엄정면 미내리,미내리,4691027.0134785585,6374725.142912638
충청북도 충주시 엄정면 논강리,논강리,4689342.346960009,6375892.869268107
충청북도 충주시 엄정면 목계리,목계리,4686509.154588738,6374485.343033008
충청북도 충주시 엄정면 율능리,율능리,4689493.2490002215,6373472.181380171
충청북도 충주시 엄정면 용산리,용산리,4690304.611607897,6375529.554904085
충청북도 충주시 산척면,산척면,4695264.212912616,6373458.827564676
충청북도 충주시 산척면 석천리,석천리,4706777.126764885,6372350.759825842
충청북도 충주시 산척면 명서리,명서리,4704262.870918398,6371087.848621745
충청북도 충주시 산척면 영덕리,영덕리,4698240.953311995,6372176.665972158
충청북도 충주시 산척면 송강리,송강리,4698748.452016123,6374999.288699197
충청북도 충주시 동량면,동량면,4694504.150617641,6369002.815041534
충청북도 충주시 동량면 명오리,명오리,4706101.813456914,6361936.240429987
충청북도 충주시 동량면 함암리,함암리,4702560.378336999,6362405.063821486
충청북도 충주시 동량면 포탄리,포탄리,4701929.096978665,6363088.402292395
충청북도 충주시 동량면 서운리,서운리,4704798.355185518,6363572.883361322
충청북도 충주시 동량면 대전리,대전리,4694020.502765017,6371064.2650352325
충청북도 충주시 동량면 용교리,용교리,4690414.778720283,6369665.5941926
충청북도 충주시 동량면 손동리,손동리,4701544.588991345,6368117.075434817
충청북도 충주시 동량면 하천리,하천리,4705187.95156402,6368425.844995414
충청북도 충주시 동량면 지동리,지동리,4707171.408956908,6366083.694623549
충청북도 충주시 동량면 화암리,화암리,4700068.502645292,6365008.747240936
충청북도 충주시 동량면 조동리,조동리,4696647.91665493,6368895.272995142
충청북도 충주시 금가면,금가면,4690179.719210656,6371120.347339737
충청북도 충주시 금가면 도촌리,도촌리,4690082.887958305,6371674.671111423
충청북도 충주시 금가면 사암리,사암리,4688365.604252325,6371137.977182476
충청북도 충주시 금가면 오석리,오석리,4684285.568510058,6369262.189736834
충청북도 충주시 금가면 원포리,원포리,4683916.531496032,6370400.024759022
충청북도 충주시 금가면 문산리,문산리,4686801.986443862,6369967.5475622155
충청북도 충주시 금가면 월상리,월상리,4682970.793227612,6371837.800092677
충청북도 충주시 금가면 유송리,유송리,4686290.699437651,6368317.302814552
충청북도 충주시 금가면 잠병리,잠병리,4688684.45211734,6372508.556555723
충청북도 충주시 금가면 하담리,하담리,4686743.910484117,6372900.0738277305
충청북도 충주시 중앙탑면,중앙탑면,4681293.37104302,6371441.58473715
충청북도 충주시 중앙탑면 창동리,창동리,4682649.0083117215,6367704.350550235
충청북도 충주시 중앙탑면 루암리,루암리,4681413.76161395,6369109.843537355
충청북도 충주시 중앙탑면 용전리,용전리,4679544.190920983,6370863.812081929
충청북도 충주시 중앙탑면 하구암리,하구암리,4678074.178984256,6372643.641166649
충청북도 충주시 중앙탑면 장천리,장천리,4685020.504790575,6373810.912732993
충청북도 충주시 중앙탑면 가흥리,가흥리,4682099.329164951,6374498.9758996265
충청북도 충주시 중앙탑면 봉황리,봉황리,4679235.69781014,6374553.551284791
충청북도 충주시 중앙탑면 탑평리,탑평리,4681171.071122831,6371422.231913602
충청북도 충주시 앙성면,앙성면,4670415.726448687,6379756.359076821
충청북도 충주시 앙성면 조천리,조천리,4677081.145214482,6378234.6957847625
충청북도 충주시 앙성면 능암리,능암리,4677192.306051712,6376558.774003665
충청북도 충주시 앙성면 돈산리,돈산리,4674211.946025848,6377399.178486492
충청북도 충주시 앙성면 사미리,사미리,4673184.858801479,6379269.283355168
충청북도 충주시 앙성면 마련리,마련리,4672222.014386264,6377808.616710538
충청북도 충주시 앙성면 용대리,용대리,4670279.780383057,6379017.202552999
충청북도 충주시 앙성면 본평리,본평리,4669505.237017876,6379778.79896596
충청북도 충주시 앙성면 지당리,지당리,4666198.150315781,6380035.546467011
충청북도 충주시 앙성면 목미리,목미리,4670931.878944498,6382489.228152977
충청북도 충주시 앙성면 모점리,모점리,4666862.524819078,6383796.456959158
충청북도 충주시 앙성면 중전리,중전리,4669251.248246155,6384986.322537853
충청북도 충주시 앙성면 단암리,단암리,4672050.700286668,6386868.541405656
충청북도 충주시 앙성면 강천리,강천리,4672205.459623361,6384516.728448672
충청북도 충주시 앙성면 영죽리,영죽리,4674903.372317687,6381488.615145936
충청북도 충주시 앙성면 용포리,용포리,4670740.990126281,6380502.809096833
충청북도 충주시 노은면,노은면,4669029.029721498,6375012.449268967
충청북도 충주시 노은면 수룡리,수룡리,4675217.471428484,6373793.463700675
충청북도 충주시 노은면 신효리,신효리,4672632.503067412,6373673.427256881
충청북도 충주시 노은면 문성리,문성리,4667579.365073907,6375012.071569165
충청북도 충주시 노은면 가신리,가신리,4666165.744612179,6376371.713058686
충청북도 충주시 노은면 대덕리,대덕리,4663877.754156633,6377066.768597582
충청북도 충주시 노은면 안락리,안락리,4664198.457687835,6375509.610617044
충청북도 충주시 노은면 법동리,법동리,4661496.5672615515,6375924.326776166
충청북도 충주시 노은면 연하리,연하리,4670472.759865197,6374941.604812813
충청북도 충주시 신니면,신니면,4665261.3167137625,6371351.875973129
충청북도 충주시 신니면 견학리,견학리,4668064.812012949,6370156.8603169685
충청북도 충주시 신니면 마수리,마수리,4664106.414465409,6370285.268342574
충청북도 충주시 신니면 원평리,원평리,4662926.469362167,6371974.297645465
충청북도 충주시 신니면 선당리,선당리,4661615.027866523,6371389.339779552
충청북도 충주시 신니면 송암리,송암리,4659985.205226108,6371953.41645286
충청북도 충주시 신니면 대화리,대화리,4657572.730690324,6372771.113225004
충청북도 충주시 신니면 광월리,광월리,4655912.936029864,6372757.208108203
충청북도 충주시 신니면 모남리,모남리,4657204.346716987,6373996.154605619
충청북도 충주시 신니면 문락리,문락리,4658915.301868138,6374344.201129732
충청북도 충주시 신니면 문숭리,문숭리,4660887.684268238,6373851.5954663
충청북도 충주시 신니면 신청리,신청리,4665974.371334542,6372184.308843808
충청북도 충주시 신니면 화석리,화석리,4665506.630041987,6373166.02404389
충청북도 충주시 신니면 용원리,용원리,4664318.244552279,6371067.044367379
충청북도 충주시 대소원면,대소원면,4674883.920894452,6368306.941950666
충청북도 충주시 대소원면 영평리,영평리,4675500.242984233,6369470.783798803
충청북도 충주시 대소원면 본리,본리,4676969.877773771,6368571.968405507
충청북도 충주시 대소원면 완오리,완오리,4679462.217577673,6368139.80436828
충청북도 충주시 대소원면 검단리,검단리,4680942.909618027,6366923.477522716
충청북도 충주시 대소원면 문주리,문주리,4682940.307803851,6361207.840358042
충청북도 충주시 대소원면 매현리,매현리,4679134.841476984,6362369.214616359
충청북도 충주시 대소원면 탄용리,탄용리,4677615.345451768,6363095.745032589
충청북도 충주시 대소원면 두정리,두정리,4678691.853763802,6364693.051706004
충청북도 충주시 대소원면 만정리,만정리,4679583.884550416,6365806.167842047
충청북도 충주시 대소원면 장성리,장성리,4676848.566432217,6366535.899541194
충청북도 충주시 대소원면 금곡리,금곡리,4673901.231727766,6366760.962020594
충청북도 충주시 대소원면 대소리,대소리,4674669.788536722,6367760.118240759
충청북도 충주시 수안보면,수안보면,4693003.17718928,6354447.38742733
충청북도 충주시 수안보면 수회리,수회리,4691027.697283477,6357192.22412687
충청북도 충주시 수안보면 중산리,중산리,4695233.777861524,6356486.775605281
충청북도 충주시 수안보면 고운리,고운리,4696611.339781799,6355489.03141932
충청북도 충주시 수안보면 미륵리,미륵리,4704193.958237914,6350404.871500404
충청북도 충주시 수안보면 사문리,사문리,4698910.213498586,6352503.45275359
충청북도 충주시 수안보면 화천리,화천리,4693108.403919535,6352069.673881309
충청북도 충주시 수안보면 안보리,안보리,4693887.469154196,6353679.818182707
충청북도 충주시 수안보면 온천리,온천리,4691494.650028803,6354548.754584415
충청북도 충주시 살미면,살미면,4691013.014818715,6359611.952226187
충청북도 충주시 살미면 토계리,토계리,4685171.09304369,6360051.1466908725
충청북도 충주시 살미면 문강리,문강리,4689372.938346556,6358401.232868579
충청북도 충주시 살미면 향산리,향산리,4687323.430631859,6361442.919910779
충청북도 충주시 살미면 설운리,설운리,4694197.918497924,6359575.342554993
충청북도 충주시 살미면 용천리,용천리,4693420.9371036785,6358523.686412619
충청북도 충주시 살미면 내사리,내사리,4696847.452670181,6358197.061260305
충청북도 충주시 살미면 공이리,공이리,4699362.604604031,6356162.702590002
충청북도 충주시 살미면 신매리,신매리,4698957.224322302,6358810.959348336
충청북도 충주시 살미면 신당리,신당리,4703672.5878700465,6357941.85136423
충청북도 충주시 살미면 무릉리,무릉리,4701199.239206495,6359180.294476822
충청북도 충주시 살미면 재오개리,재오개리,4696128.583229369,6361556.75718583
충청북도 충주시 살미면 문화리,문화리,4700140.923346674,6361314.562371308
충청북도 충주시 살미면 세성리,세성리,4690158.454508365,6360008.830417074
충청북도 충주시 주덕읍,주덕읍,4672023.146087061,6368607.809143436
충청북도 충주시 주덕읍 당우리,당우리,4667753.260053704,6371617.942795299
충청북도 충주시 주덕읍 덕련리,덕련리,4670495.823459967,6372107.002098739
충청북도 충주시 주덕읍 장록리,장록리,4669432.402315085,6371102.489197017
충청북도 충주시 주덕읍 제내리,제내리,4671238.822624461,6370256.308868817
충청북도 충주시 주덕읍 사락리,사락리,4673481.305406142,6370873.576192993
충청북도 충주시 주덕읍 화곡리,화곡리,4674467.501015902,6370312.728015867
충청북도 충주시 주덕읍 신중리,신중리,4671514.090843637,6368845.85346766
충청북도 충주시 주덕읍 삼청리,삼청리,4670375.587219786,6366941.996928639
충청북도 충주시 주덕읍 대곡리,대곡리,4667256.48561725,6368287.042762637
충청북도 충주시 주덕읍 창전리,창전리,4669098.493889113,6368553.516280969
충청북도 충주시 주덕읍 신양리,신양리,4672190.037796576,6367739.487327154
충청북도 청주시 청원구,청원구,4623957.178000495,6350421.912255635
충청북도 청주시 청원구 외하동,외하동,4625362.145677775,6355233.351963541
충청북도 청주시 청원구 외평동,외평동,4625353.565502079,6354557.379635954
충청북도 청주시 청원구 외남동,외남동,4625384.138915111,6353958.040149065
충청북도 청주시 청원구 오동동,오동동,4623621.416287433,6353691.884187867
충청북도 청주시 청원구 정북동,정북동,4622414.4673686465,6353494.224301203
충청북도 청주시 청원구 정하동,정하동,4621534.317414544,6352695.302216384
충청북도 청주시 청원구 정상동,정상동,4622682.079031655,6352836.376972018
충청북도 청주시 청원구 주중동,주중동,4625039.872894781,6352823.491128434
충청북도 청주시 청원구 주성동,주성동,4626916.1727352245,6351950.2075485075
충청북도 청주시 청원구 사천동,사천동,4623123.518336825,6352031.94099973
충청북도 청주시 청원구 율량동,율량동,4627654.837699949,6350616.663047721
충청북도 청주시 청원구 내덕동,내덕동,4623686.783942427,6351014.235592994
충청북도 청주시 청원구 오근장동,오근장동,4624587.573090982,6353720.990828105
충청북도 청주시 청원구 율량.사천동,율량.사천동,4624882.154241818,6351465.333535539
충청북도 청주시 청원구 내덕2동,내덕2동,4624718.673244304,6350935.9533411395
충청북도 청주시 청원구 내덕1동,내덕1동,4623686.783942427,6351014.235592994
충청북도 청주시 청원구 우암동,우암동,4623899.109664087,6350238.414787461
충청북도 청주시 청원구 북이면,북이면,4633411.558979808,6355875.794759015
충청북도 청주시 청원구 북이면,북이면,4638058.494793584,6356824.837024824
충청북도 청주시 청원구 북이면,북이면,4628264.95898734,6357103.754294871
충청북도 청주시 청원구 북이면,북이면,4626283.170377333,6356277.488835537
충청북도 청주시 청원구 북이면,북이면,4629521.3391383,6356746.338896349
충청북도 청주시 청원구 북이면,북이면,4630176.961393774,6358040.744398342
충청북도 청주시 청원구 북이면,북이면,4631292.272320731,6356325.234184441
충청북도 청주시 청원구 북이면,북이면,4631533.676037032,6357632.948805681
충청북도 청주시 청원구 북이면,북이면,4632739.309125301,6357656.64850387
충청북도 청주시 청원구 북이면,북이면,4634758.216832948,6357923.976537764
충청북도 청주시 청원구 북이면,북이면,4635182.485819464,6357141.930881488
충청북도 청주시 청원구 북이면,북이면,4636592.4515076885,6357800.567465591
충청북도 청주시 청원구 북이면,북이면,4637871.711738142,6357387.158569357
충청북도 청주시 청원구 북이면,북이면,4637629.309994018,6356305.353169955
충청북도 청주시 청원구 북이면,북이면,4635691.966870697,6356615.192982416
충청북도 청주시 청원구 북이면,북이면,4635060.735271307,6355901.563524492
충청북도 청주시 청원구 북이면,북이면,4637015.83787921,6355968.461114907
충청북도 청주시 청원구 북이면,북이면,4638457.159659999,6355195.925638435
충청북도 청주시 청원구 북이면,북이면,4640489.633237309,6354251.262422333
충청북도 청주시 청원구 북이면,북이면,4638784.269339134,6354450.194848236
충청북도 청주시 청원구 북이면,북이면,4637677.317663702,6354123.903740369
충청북도 청주시 청원구 북이면,북이면,4635791.130728443,6353858.308091405
충청북도 청주시 청원구 북이면,북이면,4635966.401945396,6354870.356816986
충청북도 청주시 청원구 북이면,북이면,4634653.388421155,6354826.453760078
충청북도 청주시 청원구 북이면,북이면,4633170.106886005,6356455.426633246
충청북도 청주시 청원구 북이면,북이면,4632593.912241975,6355804.417381265
충청북도 청주시 청원구 북이면,북이면,4633824.767699356,6355414.76828022
충청북도 청주시 청원구 오창읍,오창읍,4622783.954729095,6357869.970491671
충청북도 청주시 청원구 오창읍,오창읍,4611429.8181230845,6358079.943715208
충청북도 청주시 청원구 오창읍,오창읍,4608492.8092012135,6359103.213728657
충청북도 청주시 청원구 오창읍,오창읍,4609435.93480722,6360042.342228497
충청북도 청주시 청원구 오창읍,오창읍,4612299.481938524,6358947.102474076
충청북도 청주시 청원구 오창읍,오창읍,4614097.553523475,6357552.2778587835
충청북도 청주시 청원구 오창읍,오창읍,4615155.705550704,6358202.944433462
충청북도 청주시 청원구 오창읍,오창읍,4614392.065446694,6359617.096371621
충청북도 청주시 청원구 오창읍,오창읍,4618469.041705291,6358287.140413827
충청북도 청주시 청원구 오창읍,오창읍,4616611.302465363,6356626.566663648
충청북도 청주시 청원구 오창읍,오창읍,4618797.315594129,6356955.98419194
충청북도 청주시 청원구 오창읍,오창읍,4617273.4527763175,6355667.305716208
충청북도 청주시 청원구 오창읍,오창읍,4619205.0038506305,6355020.779904206
충청북도 청주시 청원구 오창읍,오창읍,4619487.004398752,6354494.581853562
충청북도 청주시 청원구 오창읍,오창읍,4620237.266973307,6355323.842192087
충청북도 청주시 청원구 오창읍,오창읍,4622003.062241406,6354850.321105974
충청북도 청주시 청원구 오창읍,오창읍,4621411.245323943,6355775.860872568
충청북도 청주시 청원구 오창읍,오창읍,4621512.8979774,6356216.268807308
충청북도 청주시 청원구 오창읍,오창읍,4622660.39278882,6355548.196820228
충청북도 청주시 청원구 오창읍,오창읍,4622886.585455312,6356260.492703893
충청북도 청주시 청원구 오창읍,오창읍,4623328.258834611,6356787.738003139
충청북도 청주시 청원구 오창읍,오창읍,4624380.436295502,6356884.83999422
충청북도 청주시 청원구 오창읍,오창읍,4620817.474889316,6356656.706948878
충청북도 청주시 청원구 오창읍,오창읍,4621131.625479528,6357333.072795977
충청북도 청주시 청원구 오창읍,오창읍,4622402.670941867,6357625.818771574
충청북도 청주시 청원구 오창읍,오창읍,4623491.420728092,6357608.856722707
충청북도 청주시 청원구 오창읍,오창읍,4620764.953418947,6357983.387388793
충청북도 청주시 청원구 오창읍,오창읍,4620252.719043785,6358941.825676202
충청북도 청주시 청원구 오창읍,오창읍,4623355.266184381,6359110.098635012
충청북도 청주시 청원구 오창읍,오창읍,4624787.362179514,6357726.539281029
충청북도 청주시 청원구 오창읍,오창읍,4624649.00091137,6358124.050180035
충청북도 청주시 청원구 오창읍,오창읍,4625558.840599413,6358209.008066182
충청북도 청주시 청원구 오창읍,오창읍,4626878.894347822,6358117.600937112
충청북도 청주시 청원구 오창읍,오창읍,4627316.946529783,6358687.070559309
충청북도 청주시 청원구 오창읍,오창읍,4628105.4857149,6359247.737969776
충청북도 청주시 청원구 내수읍,내수읍,4632165.103963817,6354850.682039264
충청북도 청주시 청원구 내수읍,내수읍,4633365.696411466,6354504.396032888
충청북도 청주시 청원구 내수읍,내수읍,4626785.525682442,6355724.339824196
충청북도 청주시 청원구 내수읍,내수읍,4628179.700160555,6355477.777097345
충청북도 청주시 청원구 내수읍,내수읍,4629624.680030982,6355567.749527749
충청북도 청주시 청원구 내수읍,내수읍,4627487.306163412,6353931.6844077585
충청북도 청주시 청원구 내수읍,내수읍,4630892.567818606,6353678.063048088
충청북도 청주시 청원구 내수읍,내수읍,4630166.290194374,6352587.513745636
충청북도 청주시 청원구 내수읍,내수읍,4629554.504984974,6351618.617572089
충청북도 청주시 청원구 내수읍,내수읍,4628139.992040234,6352860.427517092
충청북도 청주시 청원구 내수읍,내수읍,4637034.065565678,6353251.99914489
충청북도 청주시 청원구 내수읍,내수읍,4640451.254831775,6352935.83004177
충청북도 청주시 청원구 내수읍,내수읍,4639944.889758699,6352510.383982292
충청북도 청주시 청원구 내수읍,내수읍,4638995.953120551,6352380.6646608
충청북도 청주시 청원구 내수읍,내수읍,4637377.064310925,6352721.633963893
충청북도 청주시 청원구 내수읍,내수읍,4635510.890955972,6353030.156702094
충청북도 청주시 청원구 내수읍,내수읍,4634502.671576839,6351999.5808227705
충청북도 청주시 청원구 내수읍,내수읍,4632333.055416666,6353659.341156176
충청북도 청주시 청원구 내수읍,내수읍,4633468.724374263,6352108.216724158
충청북도 청주시 청원구 내수읍,내수읍,4633812.544594863,6353375.901980704
충청북도 청주시 청원구 내수읍,내수읍,4632250.163342647,6354644.407917686
충청북도 청주시 청원구 내수읍,내수읍,4631205.895318229,6355091.287084531
충청북도 청주시 흥덕구,흥덕구,4609703.725813957,6350989.007505675
충청북도 청주시 흥덕구 신촌동,신촌동,4611914.816302829,6352806.205981332
충청북도 청주시 흥덕구 정봉동,정봉동,4610925.184745427,6352436.9324240945
충청북도 청주시 흥덕구 석소동,석소동,4610072.23714045,6350479.820987924
충청북도 청주시 흥덕구 비하동,비하동,4614830.256887585,6350606.171259907
충청북도 청주시 흥덕구 향정동,향정동,4617037.654494715,6351444.606660824
충청북도 청주시 흥덕구 외북동,외북동,4617447.659948075,6351885.611581951
충청북도 청주시 흥덕구 화계동,화계동,4618782.096274672,6351954.822781537
충청북도 청주시 흥덕구 송절동,송절동,4619797.963695957,6351939.816056729
충청북도 청주시 흥덕구 문암동,문암동,4619946.135400236,6352619.976712291
충청북도 청주시 흥덕구 원평동,원평동,4618345.230440726,6353017.891049654
충청북도 청주시 흥덕구 상신동,상신동,4617943.601386459,6352556.41349156
충청북도 청주시 흥덕구 내곡동,내곡동,4616501.838976705,6353028.541177778
충청북도 청주시 흥덕구 남촌동,남촌동,4615859.588746522,6352680.939325486
충청북도 청주시 흥덕구 신대동,신대동,4614867.751099513,6353965.47480929
충청북도 청주시 흥덕구 평동,평동,4615505.195720458,6352521.601411261
충청북도 청주시 흥덕구 신성동,신성동,4615245.293352582,6352143.0669195205
충청북도 청주시 흥덕구 서촌동,서촌동,4612888.400640941,6352241.949400613
충청북도 청주시 흥덕구 지동동,지동동,4614003.658105386,6351338.3039675
충청북도 청주시 흥덕구 수의동,수의동,4610256.771822238,6349726.088657453
충청북도 청주시 흥덕구 동막동,동막동,4608882.497262595,6348560.032344641
충청북도 청주시 흥덕구 현암동,현암동,4610565.488051809,6348095.142145365
충청북도 청주시 흥덕구 신전동,신전동,4612082.920905036,6348689.603491613
충청북도 청주시 흥덕구 휴암동,휴암동,4613059.119182082,6349526.7403182825
충청북도 청주시 흥덕구 석곡동,석곡동,4615126.9276015945,6348120.621285372
충청북도 청주시 흥덕구 강서동,강서동,4614396.5179709,6349404.317203099
충청북도 청주시 흥덕구 송정동,송정동,4618361.854894606,6350844.939225079
충청북도 청주시 흥덕구 봉명동,봉명동,4620297.216405594,6350142.945331797
충청북도 청주시 흥덕구 복대동,복대동,4616835.924812874,6350327.682818005
충청북도 청주시 흥덕구 신봉동,신봉동,4621597.070395814,6351057.655926717
충청북도 청주시 흥덕구 운천동,운천동,4622538.283755928,6350475.778892363
충청북도 청주시 흥덕구 강서제2동,강서제2동,4620372.792288379,6352187.548004881
충청북도 청주시 흥덕구 강서제1동,강서제1동,4615760.408192437,6349801.252447539
충청북도 청주시 흥덕구 봉명2.송정동,봉명2.송정동,4620211.455734543,6350497.90153754
충청북도 청주시 흥덕구 봉명1동,봉명1동,4620297.216405594,6350142.945331797
충청북도 청주시 흥덕구 가경동,가경동,4616687.370675787,6349822.972718129
충청북도 청주시 흥덕구 복대2동,복대2동,4617921.291134798,6349402.131990279
충청북도 청주시 흥덕구 복대1동,복대1동,4616835.924812874,6350327.682818005
충청북도 청주시 흥덕구 운천.신봉동,운천.신봉동,4622609.260789366,6350357.885007816
충청북도 청주시 흥덕구 옥산면,옥산면,4610764.555808315,6353650.052082135
충청북도 청주시 흥덕구 옥산면,옥산면,4613167.8077904675,6354910.335998077
충청북도 청주시 흥덕구 옥산면,옥산면,4614905.529409588,6354838.698201407
충청북도 청주시 흥덕구 옥산면,옥산면,4616749.70552165,6354878.9715764895
충청북도 청주시 흥덕구 옥산면,옥산면,4611561.070381247,6356760.650228216
충청북도 청주시 흥덕구 옥산면,옥산면,4609477.224079385,6357297.257732312
충청북도 청주시 흥덕구 옥산면,옥산면,4607681.746856789,6357239.018311105
충청북도 청주시 흥덕구 옥산면,옥산면,4606116.372654805,6358375.047202711
충청북도 청주시 흥덕구 옥산면,옥산면,4604916.117213869,6356899.781733795
충청북도 청주시 흥덕구 옥산면,옥산면,4608160.277818695,6356153.827078975
충청북도 청주시 흥덕구 옥산면,옥산면,4604603.604761669,6355651.461117496
충청북도 청주시 흥덕구 옥산면,옥산면,4612045.861370797,6353984.947549538
충청북도 청주시 흥덕구 옥산면,옥산면,4607383.565083469,6354635.255258066
충청북도 청주시 흥덕구 옥산면,옥산면,4607893.641330094,6353092.056799959
충청북도 청주시 흥덕구 옥산면,옥산면,4608700.679709342,6352008.216471956
충청북도 청주시 흥덕구 옥산면,옥산면,4610292.909626882,6353652.387154497
충청북도 청주시 흥덕구 강내면,강내면,4607201.550138662,6350781.023510931
충청북도 청주시 흥덕구 강내면,강내면,4610838.114999337,6351277.888533972
충청북도 청주시 흥덕구 강내면,강내면,4608923.668527904,6350208.792874401
충청북도 청주시 흥덕구 강내면,강내면,4609084.11233961,6351293.390702328
충청북도 청주시 흥덕구 강내면,강내면,4607879.357126447,6351370.419574633
충청북도 청주시 흥덕구 강내면,강내면,4607342.546206469,6350435.944368244
충청북도 청주시 흥덕구 강내면,강내면,4606140.069726928,6350209.496761703
충청북도 청주시 흥덕구 강내면,강내면,4605293.178755938,6348980.670816574
충청북도 청주시 흥덕구 강내면,강내면,4603121.403643794,6348103.951583511
충청북도 청주시 흥덕구 강내면,강내면,4604145.069605745,6348614.120165334
충청북도 청주시 흥덕구 강내면,강내면,4607525.919806955,6349184.697703607
충청북도 청주시 흥덕구 강내면,강내면,4605468.898720194,6347966.949803063
충청북도 청주시 흥덕구 강내면,강내면,4603346.0292880805,6347148.265451965
충청북도 청주시 흥덕구 강내면,강내면,4606036.237056427,6346811.336866284
충청북도 청주시 흥덕구 강내면,강내면,4607270.330631307,6347651.8703645365
충청북도 청주시 흥덕구 강내면,강내면,4608853.603262203,6347440.457175772
충청북도 청주시 흥덕구 오송읍,오송읍,4602842.809855313,6350549.729685534
충청북도 청주시 흥덕구 오송읍,오송읍,4599694.984157936,6354134.700935252
충청북도 청주시 흥덕구 오송읍,오송읍,4601178.528419365,6351984.713943516
충청북도 청주시 흥덕구 오송읍,오송읍,4602201.676918273,6350696.392380258
충청북도 청주시 흥덕구 오송읍,오송읍,4602046.326223003,6350086.651217042
충청북도 청주시 흥덕구 오송읍,오송읍,4602632.889504531,6350239.095548932
충청북도 청주시 흥덕구 오송읍,오송읍,4603693.169137135,6349746.966613332
충청북도 청주시 흥덕구 오송읍,오송읍,4604601.252047378,6351394.607325624
충청북도 청주시 흥덕구 오송읍,오송읍,4602424.687543179,6352525.225054964
충청북도 청주시 흥덕구 오송읍,오송읍,4604541.607818333,6352141.237055432
충청북도 청주시 흥덕구 오송읍,오송읍,4606229.862095692,6352321.962295134
충청북도 청주시 흥덕구 오송읍,오송읍,4602654.878375049,6353998.977875123
충청북도 청주시 흥덕구 오송읍,오송읍,4604348.748779939,6353303.009867584
충청북도 청주시 흥덕구 오송읍,오송읍,4607379.643957644,6353489.744209275
충청북도 청주시 서원구,서원구,4621422.935814808,6349735.577528835
충청북도 청주시 서원구 장암동,장암동,4622355.495037575,6345745.172726231
충청북도 청주시 서원구 장성동,장성동,4621664.75830045,6346347.655275583
충청북도 청주시 서원구 죽림동,죽림동,4616543.985351929,6348033.249721722
충청북도 청주시 서원구 개신동,개신동,4619561.19311483,6348869.624360933
충청북도 청주시 서원구 성화동,성화동,4618264.9604777815,6347879.795997857
충청북도 청주시 서원구 수곡동,수곡동,4622102.104589696,6348068.24187129
충청북도 청주시 서원구 미평동,미평동,4619958.084283961,6347217.412876652
충청북도 청주시 서원구 사직동,사직동,4622924.726708453,6349684.261809461
충청북도 청주시 서원구 성화.개신.죽림동,성화.개신.죽림동,4618777.163014053,6348532.56233941
충청북도 청주시 서원구 수곡2동,수곡2동,4621101.749449664,6348164.315619232
충청북도 청주시 서원구 수곡1동,수곡1동,4622102.104589696,6348068.24187129
충청북도 청주시 서원구 분평동,분평동,4622924.806406062,6347164.778404175
충청북도 청주시 서원구 산남동,산남동,4621697.369521959,6347501.748161653
충청북도 청주시 서원구 모충동,모충동,4622015.277521043,6348843.949857676
충청북도 청주시 서원구 사창동,사창동,4620002.672170388,6349645.891869007
충청북도 청주시 서원구 사직2동,사직2동,4621751.131041746,6349197.438355216
충청북도 청주시 서원구 사직1동,사직1동,4622924.726708453,6349684.261809461
충청북도 청주시 서원구 현도면,현도면,4611183.817058631,6339401.72268173
충청북도 청주시 서원구 현도면,현도면,4615203.660463587,6342078.026178171
충청북도 청주시 서원구 현도면,현도면,4610166.979347827,6337685.732616326
충청북도 청주시 서원구 현도면,현도면,4610513.773836647,6338347.223622433
충청북도 청주시 서원구 현도면,현도면,4612582.283951971,6338333.305136181
충청북도 청주시 서원구 현도면,현도면,4612895.6574025,6336895.45906552
충청북도 청주시 서원구 현도면,현도면,4615014.922200247,6337607.310910722
충청북도 청주시 서원구 현도면,현도면,4609023.745580523,6339034.303702894
충청북도 청주시 서원구 현도면,현도면,4609616.693467197,6339758.116951997
충청북도 청주시 서원구 현도면,현도면,4612066.011718896,6339385.839589073
충청북도 청주시 서원구 현도면,현도면,4613969.5195196755,6339363.284405497
충청북도 청주시 서원구 현도면,현도면,4613285.209784857,6340933.828749372
충청북도 청주시 서원구 현도면,현도면,4611530.391200489,6340572.233179968
충청북도 청주시 서원구 현도면,현도면,4610474.911957111,6341067.123565563
충청북도 청주시 서원구 현도면,현도면,4610537.038066905,6342180.260573344
충청북도 청주시 서원구 남이면,남이면,4614646.961393848,6344723.935920674
충청북도 청주시 서원구 남이면,남이면,4612841.84679577,6343218.898396035
충청북도 청주시 서원구 남이면,남이면,4616998.320454681,6345100.964626294
충청북도 청주시 서원구 남이면,남이면,4619195.886336417,6346753.336338149
충청북도 청주시 서원구 남이면,남이면,4619463.351428092,6346024.98323916
충청북도 청주시 서원구 남이면,남이면,4618347.906727708,6345109.923100029
충청북도 청주시 서원구 남이면,남이면,4616616.331157895,6346058.847675494
충청북도 청주시 서원구 남이면,남이면,4616910.927878044,6347028.368152473
충청북도 청주시 서원구 남이면,남이면,4614805.740526139,6346931.888723071
충청북도 청주시 서원구 남이면,남이면,4613301.567979642,6347811.922232375
충청북도 청주시 서원구 남이면,남이면,4611507.800470657,6347415.95502564
충청북도 청주시 서원구 남이면,남이면,4612576.8123985445,6346569.313682111
충청북도 청주시 서원구 남이면,남이면,4610546.980049445,6346113.23903551
충청북도 청주시 서원구 남이면,남이면,4611920.682578538,6345369.249633881
충청북도 청주시 서원구 남이면,남이면,4609244.996040162,6346141.358441211
충청북도 청주시 서원구 남이면,남이면,4608484.955293673,6345456.39252029
충청북도 청주시 서원구 남이면,남이면,4610412.362177392,6344548.47796496
충청북도 청주시 서원구 남이면,남이면,4613991.33035349,6345813.815838655
충청북도 청주시 서원구 남이면,남이면,4619668.187341399,6343452.569892285
충청북도 청주시 서원구 남이면,남이면,4613940.756165025,6344216.657836978
충청북도 청주시 서원구 남이면,남이면,4614976.822039952,6344823.525974778
충청북도 청주시 상당구,상당구,4624305.128197928,6345409.152801105
충청북도 청주시 상당구 월오동,월오동,4630382.313722081,6347177.9435943
충청북도 청주시 상당구 운동동,운동동,4627111.836450686,6346345.687165041
충청북도 청주시 상당구 지북동,지북동,4625014.723098458,6345615.634293176
충청북도 청주시 상당구 평촌동,평촌동,4623779.262241838,6345951.443737019
충청북도 청주시 상당구 방서동,방서동,4624620.118783546,6346440.1709665675
충청북도 청주시 상당구 용정동,용정동,4627831.631769654,6348344.013271206
충청북도 청주시 상당구 용암동,용암동,4627833.0573424995,6347270.584969453
충청북도 청주시 상당구 산성동,산성동,4625528.314129348,6348846.340698646
충청북도 청주시 상당구 명암동,명암동,4628011.236744315,6349958.911467071
충청북도 청주시 상당구 용담동,용담동,4625969.961525784,6349121.8050203
충청북도 청주시 상당구 대성동,대성동,4624833.072095958,6348969.761609314
충청북도 청주시 상당구 탑동,탑동,4624669.927671933,6348475.142398555
충청북도 청주시 상당구 수동,수동,4624742.439664733,6349656.704027126
충청북도 청주시 상당구 석교동,석교동,4623832.43638014,6348416.343849184
충청북도 청주시 상당구 남주동,남주동,4623200.240408583,6348866.037417984
충청북도 청주시 상당구 서문동,서문동,4623306.323512493,6349135.048491576
충청북도 청주시 상당구 서운동,서운동,4624040.09172035,6348685.0005127145
충청북도 청주시 상당구 문화동,문화동,4624069.484777448,6349010.451928174
충청북도 청주시 상당구 남문로2가,남문로2가,4623595.607406309,6348978.218599429
충청북도 청주시 상당구 남문로1가,남문로1가,4623572.917597239,6348748.502478509
충청북도 청주시 상당구 북문로3가,북문로3가,4623878.88045941,6349776.636101565
충청북도 청주시 상당구 북문로2가,북문로2가,4623839.436690447,6349426.381397895
충청북도 청주시 상당구 북문로1가,북문로1가,4623707.798906631,6349154.828762319
충청북도 청주시 상당구 영동,영동,4623637.985273368,6349601.631896302
충청북도 청주시 상당구 용암2동,용암2동,4625199.681786849,6346655.436849514
충청북도 청주시 상당구 용암1동,용암1동,4624445.553522974,6346916.431189904
충청북도 청주시 상당구 용담.명암.산성동,용담.명암.산성동,4625528.314129348,6348846.340698646
충청북도 청주시 상당구 금천동,금천동,4624678.960435955,6348127.651328996
충청북도 청주시 상당구 영운동,영운동,4624419.225190618,6347654.980370866
충청북도 청주시 상당구 탑대성동,탑대성동,4624618.200749422,6348834.447596624
충청북도 청주시 상당구 성안동,성안동,4624140.097368693,6348800.925597737
충청북도 청주시 상당구 중앙동,중앙동,4623779.63312074,6349512.508037163
충청북도 청주시 상당구 문의면,문의면,4620962.3319110945,6340211.417861253
충청북도 청주시 상당구 문의면,문의면,4627048.333530903,6339064.874456784
충청북도 청주시 상당구 문의면,문의면,4623464.433000954,6336224.247868484
충청북도 청주시 상당구 문의면,문의면,4627534.970813758,6337273.488133653
충청북도 청주시 상당구 문의면,문의면,4628195.491227019,6338712.4737306135
충청북도 청주시 상당구 문의면,문의면,4625202.657686574,6337018.100894581
충청북도 청주시 상당구 문의면,문의면,4617296.870160378,6342717.58841939
충청북도 청주시 상당구 문의면,문의면,4617707.972158472,6341415.257117945
충청북도 청주시 상당구 문의면,문의면,4617736.683442734,6340835.497836512
충청북도 청주시 상당구 문의면,문의면,4617419.938173844,6339734.978822178
충청북도 청주시 상당구 문의면,문의면,4619209.773567067,6338472.132746634
충청북도 청주시 상당구 문의면,문의면,4618507.574000889,6336600.495604596
충청북도 청주시 상당구 문의면,문의면,4620388.286067176,6333858.851805513
충청북도 청주시 상당구 문의면,문의면,4623130.723247413,6334300.857036707
충청북도 청주시 상당구 문의면,문의면,4622002.958734105,6336095.675143104
충청북도 청주시 상당구 문의면,문의면,4624524.800393766,6338877.100997622
충청북도 청주시 상당구 문의면,문의면,4624215.86177663,6338014.928918243
충청북도 청주시 상당구 문의면,문의면,4622346.166868447,6337610.506588094
충청북도 청주시 상당구 문의면,문의면,4622355.058834711,6339065.508765404
충청북도 청주시 상당구 문의면,문의면,4621330.199623591,6342231.528508803
충청북도 청주시 상당구 문의면,문의면,4621006.095832057,6340503.15820327
충청북도 청주시 상당구 문의면,문의면,4620915.662211869,6339533.008900852
충청북도 청주시 상당구 남일면,남일면,4624770.123327403,6345105.907041562
충청북도 청주시 상당구 남일면,남일면,4620598.290251082,6344984.084773915
충청북도 청주시 상당구 남일면,남일면,4622411.732803211,6344710.692299335
충청북도 청주시 상당구 남일면,남일면,4622608.287806604,6343783.435834421
충청북도 청주시 상당구 남일면,남일면,4621620.060691884,6342822.9953211695
충청북도 청주시 상당구 남일면,남일면,4625077.450777815,6343242.184821064
충청북도 청주시 상당구 남일면,남일면,4626425.743989918,6344220.044104985
충청북도 청주시 상당구 남일면,남일면,4627449.889662385,6342840.883828832
충청북도 청주시 상당구 남일면,남일면,4629675.857295148,6343072.523240205
충청북도 청주시 상당구 남일면,남일면,4630154.695439307,6344851.519218275
충청북도 청주시 상당구 남일면,남일면,4630415.506491377,6343434.200029775
충청북도 청주시 상당구 남일면,남일면,4624463.462528922,6345078.802189503
충청북도 청주시 상당구 남일면,남일면,4627431.351935864,6345105.0075216545
충청북도 청주시 상당구 가덕면,가덕면,4628530.868420212,6341773.635384278
충청북도 청주시 상당구 가덕면,가덕면,4634838.888303865,6341992.563674553
충청북도 청주시 상당구 가덕면,가덕면,4632063.184135303,6345327.875073125
충청북도 청주시 상당구 가덕면,가덕면,4632421.506706266,6343650.735199525
충청북도 청주시 상당구 가덕면,가덕면,4634936.8088444965,6342618.654939034
충청북도 청주시 상당구 가덕면,가덕면,4633128.129093695,6342758.113398769
충청북도 청주시 상당구 가덕면,가덕면,4631572.196382524,6342691.327499838
충청북도 청주시 상당구 가덕면,가덕면,4631147.257839217,6341708.924453961
충청북도 청주시 상당구 가덕면,가덕면,4630301.591371025,6341367.457931909
충청북도 청주시 상당구 가덕면,가덕면,4628633.063247815,6341831.506313295
충청북도 청주시 상당구 가덕면,가덕면,4625967.961091314,6342113.934253343
충청북도 청주시 상당구 가덕면,가덕면,4624385.77299089,6342113.060700925
충청북도 청주시 상당구 가덕면,가덕면,4622974.992083421,6340842.725739982
충청북도 청주시 상당구 가덕면,가덕면,4624183.616299047,6340736.170512169
충청북도 청주시 상당구 가덕면,가덕면,4625044.063066623,6341080.199212412
충청북도 청주시 상당구 가덕면,가덕면,4628015.203220034,6340387.12157873
충청북도 청주시 상당구 미원면,미원면,4644595.104112183,6345651.525810501
충청북도 청주시 상당구 미원면,미원면,4644464.898775628,6343860.03187437
충청북도 청주시 상당구 미원면,미원면,4654961.820450887,6341188.483749859
충청북도 청주시 상당구 미원면,미원면,4653414.856767432,6342475.761712885
충청북도 청주시 상당구 미원면,미원면,4652493.423561174,6343446.049795235
충청북도 청주시 상당구 미원면,미원면,4650936.723287591,6344162.538832525
충청북도 청주시 상당구 미원면,미원면,4648553.726259634,6343856.4168500705
충청북도 청주시 상당구 미원면,미원면,4647081.9467842365,6342635.897854786
충청북도 청주시 상당구 미원면,미원면,4640183.026547173,6350888.656070271
충청북도 청주시 상당구 미원면,미원면,4643120.535695426,6350753.588882781
충청북도 청주시 상당구 미원면,미원면,4639012.572236461,6348960.212758881
충청북도 청주시 상당구 미원면,미원면,4640985.622518424,6348437.760237729
충청북도 청주시 상당구 미원면,미원면,4641993.2894375855,6348442.351809501
충청북도 청주시 상당구 미원면,미원면,4644170.375951854,6347364.900056572
충청북도 청주시 상당구 미원면,미원면,4644303.233890763,6348880.139854649
충청북도 청주시 상당구 미원면,미원면,4646105.0618078485,6349894.35637899
충청북도 청주시 상당구 미원면,미원면,4647910.2228676975,6349210.2772544
충청북도 청주시 상당구 미원면,미원면,4649142.83789657,6350989.401316756
충청북도 청주시 상당구 미원면,미원면,4650902.456950384,6349751.11851009
충청북도 청주시 상당구 미원면,미원면,4651128.975589814,6348812.053988745
충청북도 청주시 상당구 미원면,미원면,4651075.358755901,6347300.528428163
충청북도 청주시 상당구 미원면,미원면,4644924.5982359955,6346553.409847152
충청북도 청주시 상당구 미원면,미원면,4647136.12127638,6347571.67269363
충청북도 청주시 상당구 미원면,미원면,4647759.0682894215,6345904.904840208
충청북도 청주시 상당구 미원면,미원면,4644695.81733734,6345159.64614144
충청북도 청주시 상당구 낭성면,낭성면,4637474.435409975,6345799.238014433
충청북도 청주시 상당구 낭성면,낭성면,4634643.309622977,6347841.284856964
충청북도 청주시 상당구 낭성면,낭성면,4633194.101762089,6349243.424240853
충청북도 청주시 상당구 낭성면,낭성면,4634139.073620251,6349941.627320516
충청북도 청주시 상당구 낭성면,낭성면,4636314.654480531,6349229.26144157
충청북도 청주시 상당구 낭성면,낭성면,4636231.078628087,6347028.670102312
충청북도 청주시 상당구 낭성면,낭성면,4638345.545622102,6347680.537976837
충청북도 청주시 상당구 낭성면,낭성면,4638437.471160155,6346876.6607831875
충청북도 청주시 상당구 낭성면,낭성면,4636820.636440001,6346063.5519102765
충청북도 청주시 상당구 낭성면,낭성면,4638210.84524324,6345582.964207751
충청북도 청주시 상당구 낭성면,낭성면,4638167.577600832,6343848.211224214
충청북도 청주시 상당구 낭성면,낭성면,4640728.343430053,6346325.307926037
충청북도 청주시 상당구 낭성면,낭성면,4640795.624593024,6344637.432970682
